[
{
    "model": "auth.user",
    "fields": {
        "password": "pbkdf2_sha256$600000$cGTzaHOZH9kPjfuulTAOwO$h0VsMEFTRMbfYjLD1pPmTmltcltfcm1ex4SiQ6jJI1Y=",
        "last_login": "2023-10-16T20:09:25.236Z",
        "is_superuser": true,
        "username": "habib",
        "first_name": "",
        "last_name": "",
        "email": "habib.rehman0088@gamil.com",
        "is_staff": true,
        "is_active": true,
        "date_joined": "2023-10-10T18:00:18.370Z",
        "groups": [],
        "user_permissions": []
    }
},
{
    "model": "sessions.session",
    "pk": "88ykwpr6u7x3hjjkwewgr0qiy3ijcss6",
    "fields": {
        "session_data": ".eJxVjMEOgjAQRH_F9EyaQqFQjurVbyDLdisotoaFRGP8d8Fw0OPMvHkv0cA8dc3MNDa9E7VIRfLbtYBXCuvgLhDOUWIM09i3ckXktrI8RUfDfmP_BB1wt7wBrQYqSueKXBF4l_uMkCAnQouojanKUhul2yo3OrVKZWhUlmnvnTX4lTIx9zE09Lj341PUKhGOYOBFf5h5irfdcYni_QGDlkap:1qqc24:QxIV55PpTXb-CLu__Q3P3agLREgsOz2FK46O_KfHoWk",
        "expire_date": "2023-10-25T16:26:00.380Z"
    }
},
{
    "model": "sessions.session",
    "pk": "9byqd0rv3wxtcxw7th150bsv4o6hbske",
    "fields": {
        "session_data": ".eJxVjEEOwiAQRe_C2hAKlBaX7j0Dmc4MFjVgSptojHfXmi50-9_77ykCLPMYlspTSCT2ohG7320AvHBeAZ0hn4rEkucpDXJV5EarPBbi62Fz_wIj1PHzBvQGuO2IWqsYItmoGRksM3pE41zfdcYpM_TWmcYrpdEprU2M5B1-o5VrTSUHvt_S9BB79XoDwDQ_oQ:1qsTo3:J6M9nLDcmxorJDGmfM2e7vAqP4r_Hrw_f2fZjAE4G4g",
        "expire_date": "2023-10-30T20:03:15.535Z"
    }
},
{
    "model": "sessions.session",
    "pk": "hal718x2vz7cpsw96gcbm3ji6ggybtw7",
    "fields": {
        "session_data": ".eJxVjEEOwiAQRe_C2hAKlBaX7j0Dmc4MFjVgSptojHfXmi50-9_77ykCLPMYlspTSCT2ohG7320AvHBeAZ0hn4rEkucpDXJV5EarPBbi62Fz_wIj1PHzBvQGuO2IWqsYItmoGRksM3pE41zfdcYpM_TWmcYrpdEprU2M5B1-o5VrTSUHvt_S9BB79XoDwDQ_oQ:1qsTu1:afcgwFIX3fZoaEnGbwCN_tf_9UNrdYlaHmz2Rl5Qh10",
        "expire_date": "2023-10-30T20:09:25.243Z"
    }
},
{
    "model": "sessions.session",
    "pk": "ktc37nxzsal24uuid0ia7e06angnsgxt",
    "fields": {
        "session_data": ".eJxVjMEOgjAQRH_F9EyaQqFQjurVbyDLdisotoaFRGP8d8Fw0OPMvHkv0cA8dc3MNDa9E7VIRfLbtYBXCuvgLhDOUWIM09i3ckXktrI8RUfDfmP_BB1wt7wBrQYqSueKXBF4l_uMkCAnQouojanKUhul2yo3OrVKZWhUlmnvnTX4lTIx9zE09Lj341PUKhGOYOBFf5h5irfdcYni_QGDlkap:1qqIm5:ikURdVidtQqP2QGJXpFaJhjNq673b0teS9rY-hRnMDg",
        "expire_date": "2023-10-24T19:52:13.127Z"
    }
},
{
    "model": "sessions.session",
    "pk": "llwv3kyungn25ir83adeil4pssq928ae",
    "fields": {
        "session_data": ".eJxVjEEOwiAQRe_C2hAKlBaX7j0Dmc4MFjVgSptojHfXmi50-9_77ykCLPMYlspTSCT2ohG7320AvHBeAZ0hn4rEkucpDXJV5EarPBbi62Fz_wIj1PHzBvQGuO2IWqsYItmoGRksM3pE41zfdcYpM_TWmcYrpdEprU2M5B1-o5VrTSUHvt_S9BB79XoDwDQ_oQ:1qqwr0:e8uoLZcbQtdSF0-8jK-amjB0Q7J7UQQ2J6D_3m7HVCw",
        "expire_date": "2023-10-26T14:39:58.035Z"
    }
},
{
    "model": "sessions.session",
    "pk": "rbsrepv4pi8nr84pqjjp6qy6hhaxt4oy",
    "fields": {
        "session_data": ".eJxVjMEOgjAQRH_F9EyaQqFQjurVbyDLdisotoaFRGP8d8Fw0OPMvHkv0cA8dc3MNDa9E7VIRfLbtYBXCuvgLhDOUWIM09i3ckXktrI8RUfDfmP_BB1wt7wBrQYqSueKXBF4l_uMkCAnQouojanKUhul2yo3OrVKZWhUlmnvnTX4lTIx9zE09Lj341PUKhGOYOBFf5h5irfdcYni_QGDlkap:1qsLhz:wKU-TrmcyHALGOBK64u1-MCGmnwn2z559ACg4Vltk6c",
        "expire_date": "2023-10-30T11:24:27.356Z"
    }
},
{
    "model": "django_apscheduler.djangojob",
    "pk": "weekly_backup",
    "fields": {
        "next_run_time": "2023-10-18T22:12:01.624Z",
        "job_state": "gAWVCQIAAAAAAAB9lCiMB3ZlcnNpb26USwGMAmlklIwNd2Vla2x5X2JhY2t1cJSMBGZ1bmOUjCdlY29tbWVyY2Uuc2NoZWR1bGVyLnNjaGVkdWxlcjpkYl9iYWNrdXCUjAd0cmlnZ2VylIwdYXBzY2hlZHVsZXIudHJpZ2dlcnMuaW50ZXJ2YWyUjA9JbnRlcnZhbFRyaWdnZXKUk5QpgZR9lChoAUsCjAh0aW1lem9uZZSMCGJ1aWx0aW5zlIwHZ2V0YXR0cpSTlIwIem9uZWluZm+UjAhab25lSW5mb5STlIwJX3VucGlja2xllIaUUpSMDEFzaWEvS2FyYWNoaZRLAYaUUpSMCnN0YXJ0X2RhdGWUjAhkYXRldGltZZSMCGRhdGV0aW1llJOUQwoH5woTAwwBCYhXlGgYhpRSlIwIZW5kX2RhdGWUTowIaW50ZXJ2YWyUaBqMCXRpbWVkZWx0YZSTlEsATVgCSwCHlFKUjAZqaXR0ZXKUTnVijAhleGVjdXRvcpSMB2RlZmF1bHSUjARhcmdzlCmMBmt3YXJnc5R9lIwEbmFtZZSMCWRiX2JhY2t1cJSMEm1pc2ZpcmVfZ3JhY2VfdGltZZRLAYwIY29hbGVzY2WUiIwNbWF4X2luc3RhbmNlc5RLAYwNbmV4dF9ydW5fdGltZZRoHEMKB+cKEwMMAQmIV5RoGIaUUpR1Lg=="
    }
},
{
    "model": "django_apscheduler.djangojobexecution",
    "pk": 1,
    "fields": {
        "job": "weekly_backup",
        "status": "Executed",
        "run_time": "2023-10-16T21:29:40.318Z",
        "duration": "0.12",
        "finished": "1697491780.44",
        "exception": null,
        "traceback": null
    }
},
{
    "model": "django_apscheduler.djangojobexecution",
    "pk": 2,
    "fields": {
        "job": "weekly_backup",
        "status": "Executed",
        "run_time": "2023-10-16T21:30:40.318Z",
        "duration": "0.08",
        "finished": "1697491840.40",
        "exception": null,
        "traceback": null
    }
},
{
    "model": "django_apscheduler.djangojobexecution",
    "pk": 3,
    "fields": {
        "job": "weekly_backup",
        "status": "Executed",
        "run_time": "2023-10-16T21:31:40.318Z",
        "duration": "0.07",
        "finished": "1697491900.39",
        "exception": null,
        "traceback": null
    }
},
{
    "model": "django_apscheduler.djangojobexecution",
    "pk": 4,
    "fields": {
        "job": "weekly_backup",
        "status": "Executed",
        "run_time": "2023-10-16T21:32:40.318Z",
        "duration": "0.05",
        "finished": "1697491960.37",
        "exception": null,
        "traceback": null
    }
},
{
    "model": "django_apscheduler.djangojobexecution",
    "pk": 5,
    "fields": {
        "job": "weekly_backup",
        "status": "Executed",
        "run_time": "2023-10-16T21:33:40.318Z",
        "duration": "0.08",
        "finished": "1697492020.39",
        "exception": null,
        "traceback": null
    }
},
{
    "model": "django_apscheduler.djangojobexecution",
    "pk": 6,
    "fields": {
        "job": "weekly_backup",
        "status": "Executed",
        "run_time": "2023-10-16T21:35:19.661Z",
        "duration": "0.13",
        "finished": "1697492119.79",
        "exception": null,
        "traceback": null
    }
},
{
    "model": "django_apscheduler.djangojobexecution",
    "pk": 7,
    "fields": {
        "job": "weekly_backup",
        "status": "Executed",
        "run_time": "2023-10-16T21:37:57.874Z",
        "duration": "0.15",
        "finished": "1697492278.02",
        "exception": null,
        "traceback": null
    }
},
{
    "model": "django_apscheduler.djangojobexecution",
    "pk": 8,
    "fields": {
        "job": "weekly_backup",
        "status": "Executed",
        "run_time": "2023-10-16T21:38:57.874Z",
        "duration": "0.08",
        "finished": "1697492337.96",
        "exception": null,
        "traceback": null
    }
},
{
    "model": "django_apscheduler.djangojobexecution",
    "pk": 9,
    "fields": {
        "job": "weekly_backup",
        "status": "Executed",
        "run_time": "2023-10-18T12:09:02.668Z",
        "duration": "0.15",
        "finished": "1697630942.82",
        "exception": null,
        "traceback": null
    }
},
{
    "model": "django_apscheduler.djangojobexecution",
    "pk": 10,
    "fields": {
        "job": "weekly_backup",
        "status": "Executed",
        "run_time": "2023-10-18T12:10:02.668Z",
        "duration": "0.19",
        "finished": "1697631002.86",
        "exception": null,
        "traceback": null
    }
},
{
    "model": "django_apscheduler.djangojobexecution",
    "pk": 11,
    "fields": {
        "job": "weekly_backup",
        "status": "Executed",
        "run_time": "2023-10-18T12:11:02.668Z",
        "duration": "0.27",
        "finished": "1697631062.94",
        "exception": null,
        "traceback": null
    }
},
{
    "model": "django_apscheduler.djangojobexecution",
    "pk": 12,
    "fields": {
        "job": "weekly_backup",
        "status": "Executed",
        "run_time": "2023-10-18T12:12:02.668Z",
        "duration": "0.16",
        "finished": "1697631122.83",
        "exception": null,
        "traceback": null
    }
},
{
    "model": "django_apscheduler.djangojobexecution",
    "pk": 13,
    "fields": {
        "job": "weekly_backup",
        "status": "Executed",
        "run_time": "2023-10-18T12:13:02.668Z",
        "duration": "0.09",
        "finished": "1697631182.76",
        "exception": null,
        "traceback": null
    }
},
{
    "model": "django_apscheduler.djangojobexecution",
    "pk": 14,
    "fields": {
        "job": "weekly_backup",
        "status": "Executed",
        "run_time": "2023-10-18T12:14:02.668Z",
        "duration": "0.09",
        "finished": "1697631242.76",
        "exception": null,
        "traceback": null
    }
},
{
    "model": "django_apscheduler.djangojobexecution",
    "pk": 15,
    "fields": {
        "job": "weekly_backup",
        "status": "Executed",
        "run_time": "2023-10-18T12:15:02.668Z",
        "duration": "0.10",
        "finished": "1697631302.76",
        "exception": null,
        "traceback": null
    }
},
{
    "model": "django_apscheduler.djangojobexecution",
    "pk": 16,
    "fields": {
        "job": "weekly_backup",
        "status": "Executed",
        "run_time": "2023-10-18T12:16:02.668Z",
        "duration": "0.13",
        "finished": "1697631362.79",
        "exception": null,
        "traceback": null
    }
},
{
    "model": "django_apscheduler.djangojobexecution",
    "pk": 17,
    "fields": {
        "job": "weekly_backup",
        "status": "Executed",
        "run_time": "2023-10-18T12:17:02.668Z",
        "duration": "0.11",
        "finished": "1697631422.78",
        "exception": null,
        "traceback": null
    }
},
{
    "model": "django_apscheduler.djangojobexecution",
    "pk": 18,
    "fields": {
        "job": "weekly_backup",
        "status": "Executed",
        "run_time": "2023-10-18T12:18:02.668Z",
        "duration": "0.10",
        "finished": "1697631482.77",
        "exception": null,
        "traceback": null
    }
},
{
    "model": "django_apscheduler.djangojobexecution",
    "pk": 19,
    "fields": {
        "job": "weekly_backup",
        "status": "Executed",
        "run_time": "2023-10-18T12:19:02.668Z",
        "duration": "0.12",
        "finished": "1697631542.78",
        "exception": null,
        "traceback": null
    }
},
{
    "model": "django_apscheduler.djangojobexecution",
    "pk": 20,
    "fields": {
        "job": "weekly_backup",
        "status": "Executed",
        "run_time": "2023-10-18T12:20:02.668Z",
        "duration": "0.11",
        "finished": "1697631602.78",
        "exception": null,
        "traceback": null
    }
},
{
    "model": "django_apscheduler.djangojobexecution",
    "pk": 21,
    "fields": {
        "job": "weekly_backup",
        "status": "Executed",
        "run_time": "2023-10-18T12:21:02.668Z",
        "duration": "0.12",
        "finished": "1697631662.79",
        "exception": null,
        "traceback": null
    }
},
{
    "model": "django_apscheduler.djangojobexecution",
    "pk": 22,
    "fields": {
        "job": "weekly_backup",
        "status": "Executed",
        "run_time": "2023-10-18T12:22:02.668Z",
        "duration": "0.09",
        "finished": "1697631722.76",
        "exception": null,
        "traceback": null
    }
},
{
    "model": "django_apscheduler.djangojobexecution",
    "pk": 23,
    "fields": {
        "job": "weekly_backup",
        "status": "Executed",
        "run_time": "2023-10-18T12:23:02.668Z",
        "duration": "0.13",
        "finished": "1697631782.80",
        "exception": null,
        "traceback": null
    }
},
{
    "model": "django_apscheduler.djangojobexecution",
    "pk": 24,
    "fields": {
        "job": "weekly_backup",
        "status": "Executed",
        "run_time": "2023-10-18T12:24:02.668Z",
        "duration": "0.13",
        "finished": "1697631842.80",
        "exception": null,
        "traceback": null
    }
},
{
    "model": "django_apscheduler.djangojobexecution",
    "pk": 25,
    "fields": {
        "job": "weekly_backup",
        "status": "Executed",
        "run_time": "2023-10-18T12:25:02.668Z",
        "duration": "0.10",
        "finished": "1697631902.76",
        "exception": null,
        "traceback": null
    }
},
{
    "model": "django_apscheduler.djangojobexecution",
    "pk": 26,
    "fields": {
        "job": "weekly_backup",
        "status": "Executed",
        "run_time": "2023-10-18T12:26:02.668Z",
        "duration": "0.13",
        "finished": "1697631962.79",
        "exception": null,
        "traceback": null
    }
},
{
    "model": "django_apscheduler.djangojobexecution",
    "pk": 27,
    "fields": {
        "job": "weekly_backup",
        "status": "Executed",
        "run_time": "2023-10-18T12:27:02.668Z",
        "duration": "0.11",
        "finished": "1697632022.78",
        "exception": null,
        "traceback": null
    }
},
{
    "model": "django_apscheduler.djangojobexecution",
    "pk": 28,
    "fields": {
        "job": "weekly_backup",
        "status": "Executed",
        "run_time": "2023-10-18T12:28:02.668Z",
        "duration": "0.12",
        "finished": "1697632082.79",
        "exception": null,
        "traceback": null
    }
},
{
    "model": "django_apscheduler.djangojobexecution",
    "pk": 29,
    "fields": {
        "job": "weekly_backup",
        "status": "Executed",
        "run_time": "2023-10-18T12:29:02.668Z",
        "duration": "0.12",
        "finished": "1697632142.78",
        "exception": null,
        "traceback": null
    }
},
{
    "model": "django_apscheduler.djangojobexecution",
    "pk": 30,
    "fields": {
        "job": "weekly_backup",
        "status": "Executed",
        "run_time": "2023-10-18T12:30:02.668Z",
        "duration": "0.07",
        "finished": "1697632202.74",
        "exception": null,
        "traceback": null
    }
},
{
    "model": "django_apscheduler.djangojobexecution",
    "pk": 31,
    "fields": {
        "job": "weekly_backup",
        "status": "Executed",
        "run_time": "2023-10-18T12:31:02.668Z",
        "duration": "0.13",
        "finished": "1697632262.80",
        "exception": null,
        "traceback": null
    }
},
{
    "model": "django_apscheduler.djangojobexecution",
    "pk": 32,
    "fields": {
        "job": "weekly_backup",
        "status": "Executed",
        "run_time": "2023-10-18T12:32:02.668Z",
        "duration": "0.11",
        "finished": "1697632322.78",
        "exception": null,
        "traceback": null
    }
},
{
    "model": "django_apscheduler.djangojobexecution",
    "pk": 33,
    "fields": {
        "job": "weekly_backup",
        "status": "Executed",
        "run_time": "2023-10-18T12:33:02.668Z",
        "duration": "0.11",
        "finished": "1697632382.78",
        "exception": null,
        "traceback": null
    }
},
{
    "model": "django_apscheduler.djangojobexecution",
    "pk": 34,
    "fields": {
        "job": "weekly_backup",
        "status": "Executed",
        "run_time": "2023-10-18T12:34:02.668Z",
        "duration": "0.13",
        "finished": "1697632442.80",
        "exception": null,
        "traceback": null
    }
},
{
    "model": "django_apscheduler.djangojobexecution",
    "pk": 35,
    "fields": {
        "job": "weekly_backup",
        "status": "Executed",
        "run_time": "2023-10-18T12:35:02.668Z",
        "duration": "0.15",
        "finished": "1697632502.82",
        "exception": null,
        "traceback": null
    }
},
{
    "model": "django_apscheduler.djangojobexecution",
    "pk": 36,
    "fields": {
        "job": "weekly_backup",
        "status": "Executed",
        "run_time": "2023-10-18T12:36:02.668Z",
        "duration": "0.12",
        "finished": "1697632562.78",
        "exception": null,
        "traceback": null
    }
},
{
    "model": "django_apscheduler.djangojobexecution",
    "pk": 37,
    "fields": {
        "job": "weekly_backup",
        "status": "Executed",
        "run_time": "2023-10-18T12:37:02.668Z",
        "duration": "0.12",
        "finished": "1697632622.78",
        "exception": null,
        "traceback": null
    }
},
{
    "model": "django_apscheduler.djangojobexecution",
    "pk": 38,
    "fields": {
        "job": "weekly_backup",
        "status": "Executed",
        "run_time": "2023-10-18T12:38:02.668Z",
        "duration": "0.14",
        "finished": "1697632682.81",
        "exception": null,
        "traceback": null
    }
},
{
    "model": "django_apscheduler.djangojobexecution",
    "pk": 39,
    "fields": {
        "job": "weekly_backup",
        "status": "Executed",
        "run_time": "2023-10-18T12:39:02.668Z",
        "duration": "0.11",
        "finished": "1697632742.78",
        "exception": null,
        "traceback": null
    }
},
{
    "model": "django_apscheduler.djangojobexecution",
    "pk": 40,
    "fields": {
        "job": "weekly_backup",
        "status": "Executed",
        "run_time": "2023-10-18T12:40:02.668Z",
        "duration": "0.07",
        "finished": "1697632802.74",
        "exception": null,
        "traceback": null
    }
},
{
    "model": "django_apscheduler.djangojobexecution",
    "pk": 41,
    "fields": {
        "job": "weekly_backup",
        "status": "Executed",
        "run_time": "2023-10-18T12:41:02.668Z",
        "duration": "0.12",
        "finished": "1697632862.79",
        "exception": null,
        "traceback": null
    }
},
{
    "model": "django_apscheduler.djangojobexecution",
    "pk": 42,
    "fields": {
        "job": "weekly_backup",
        "status": "Executed",
        "run_time": "2023-10-18T12:42:02.668Z",
        "duration": "0.13",
        "finished": "1697632922.80",
        "exception": null,
        "traceback": null
    }
},
{
    "model": "django_apscheduler.djangojobexecution",
    "pk": 43,
    "fields": {
        "job": "weekly_backup",
        "status": "Executed",
        "run_time": "2023-10-18T12:43:02.668Z",
        "duration": "0.06",
        "finished": "1697632982.73",
        "exception": null,
        "traceback": null
    }
},
{
    "model": "django_apscheduler.djangojobexecution",
    "pk": 44,
    "fields": {
        "job": "weekly_backup",
        "status": "Executed",
        "run_time": "2023-10-18T12:44:02.668Z",
        "duration": "0.12",
        "finished": "1697633042.78",
        "exception": null,
        "traceback": null
    }
},
{
    "model": "django_apscheduler.djangojobexecution",
    "pk": 45,
    "fields": {
        "job": "weekly_backup",
        "status": "Executed",
        "run_time": "2023-10-18T12:45:02.668Z",
        "duration": "0.11",
        "finished": "1697633102.78",
        "exception": null,
        "traceback": null
    }
},
{
    "model": "django_apscheduler.djangojobexecution",
    "pk": 46,
    "fields": {
        "job": "weekly_backup",
        "status": "Executed",
        "run_time": "2023-10-18T12:46:02.668Z",
        "duration": "0.12",
        "finished": "1697633162.79",
        "exception": null,
        "traceback": null
    }
},
{
    "model": "django_apscheduler.djangojobexecution",
    "pk": 47,
    "fields": {
        "job": "weekly_backup",
        "status": "Executed",
        "run_time": "2023-10-18T12:47:02.668Z",
        "duration": "0.11",
        "finished": "1697633222.77",
        "exception": null,
        "traceback": null
    }
},
{
    "model": "django_apscheduler.djangojobexecution",
    "pk": 48,
    "fields": {
        "job": "weekly_backup",
        "status": "Executed",
        "run_time": "2023-10-18T12:48:02.668Z",
        "duration": "0.12",
        "finished": "1697633282.79",
        "exception": null,
        "traceback": null
    }
},
{
    "model": "django_apscheduler.djangojobexecution",
    "pk": 49,
    "fields": {
        "job": "weekly_backup",
        "status": "Executed",
        "run_time": "2023-10-18T12:49:02.668Z",
        "duration": "0.11",
        "finished": "1697633342.78",
        "exception": null,
        "traceback": null
    }
},
{
    "model": "django_apscheduler.djangojobexecution",
    "pk": 50,
    "fields": {
        "job": "weekly_backup",
        "status": "Executed",
        "run_time": "2023-10-18T12:50:02.668Z",
        "duration": "0.16",
        "finished": "1697633402.83",
        "exception": null,
        "traceback": null
    }
},
{
    "model": "django_apscheduler.djangojobexecution",
    "pk": 51,
    "fields": {
        "job": "weekly_backup",
        "status": "Executed",
        "run_time": "2023-10-18T12:51:02.668Z",
        "duration": "0.06",
        "finished": "1697633462.73",
        "exception": null,
        "traceback": null
    }
},
{
    "model": "django_apscheduler.djangojobexecution",
    "pk": 52,
    "fields": {
        "job": "weekly_backup",
        "status": "Executed",
        "run_time": "2023-10-18T12:52:02.668Z",
        "duration": "0.15",
        "finished": "1697633522.82",
        "exception": null,
        "traceback": null
    }
},
{
    "model": "django_apscheduler.djangojobexecution",
    "pk": 53,
    "fields": {
        "job": "weekly_backup",
        "status": "Executed",
        "run_time": "2023-10-18T12:53:02.668Z",
        "duration": "0.14",
        "finished": "1697633582.81",
        "exception": null,
        "traceback": null
    }
},
{
    "model": "django_apscheduler.djangojobexecution",
    "pk": 54,
    "fields": {
        "job": "weekly_backup",
        "status": "Executed",
        "run_time": "2023-10-18T12:54:02.668Z",
        "duration": "0.11",
        "finished": "1697633642.78",
        "exception": null,
        "traceback": null
    }
},
{
    "model": "django_apscheduler.djangojobexecution",
    "pk": 55,
    "fields": {
        "job": "weekly_backup",
        "status": "Executed",
        "run_time": "2023-10-18T12:55:02.668Z",
        "duration": "0.12",
        "finished": "1697633702.78",
        "exception": null,
        "traceback": null
    }
},
{
    "model": "django_apscheduler.djangojobexecution",
    "pk": 56,
    "fields": {
        "job": "weekly_backup",
        "status": "Executed",
        "run_time": "2023-10-18T12:56:02.668Z",
        "duration": "0.11",
        "finished": "1697633762.78",
        "exception": null,
        "traceback": null
    }
},
{
    "model": "django_apscheduler.djangojobexecution",
    "pk": 57,
    "fields": {
        "job": "weekly_backup",
        "status": "Executed",
        "run_time": "2023-10-18T12:57:02.668Z",
        "duration": "0.09",
        "finished": "1697633822.76",
        "exception": null,
        "traceback": null
    }
},
{
    "model": "django_apscheduler.djangojobexecution",
    "pk": 58,
    "fields": {
        "job": "weekly_backup",
        "status": "Executed",
        "run_time": "2023-10-18T12:58:02.668Z",
        "duration": "0.10",
        "finished": "1697633882.77",
        "exception": null,
        "traceback": null
    }
},
{
    "model": "django_apscheduler.djangojobexecution",
    "pk": 59,
    "fields": {
        "job": "weekly_backup",
        "status": "Executed",
        "run_time": "2023-10-18T12:59:02.668Z",
        "duration": "0.11",
        "finished": "1697633942.78",
        "exception": null,
        "traceback": null
    }
},
{
    "model": "django_apscheduler.djangojobexecution",
    "pk": 60,
    "fields": {
        "job": "weekly_backup",
        "status": "Executed",
        "run_time": "2023-10-18T13:00:02.668Z",
        "duration": "0.08",
        "finished": "1697634002.75",
        "exception": null,
        "traceback": null
    }
},
{
    "model": "django_apscheduler.djangojobexecution",
    "pk": 61,
    "fields": {
        "job": "weekly_backup",
        "status": "Executed",
        "run_time": "2023-10-18T13:01:02.668Z",
        "duration": "0.14",
        "finished": "1697634062.81",
        "exception": null,
        "traceback": null
    }
},
{
    "model": "django_apscheduler.djangojobexecution",
    "pk": 62,
    "fields": {
        "job": "weekly_backup",
        "status": "Executed",
        "run_time": "2023-10-18T13:02:02.668Z",
        "duration": "0.11",
        "finished": "1697634122.78",
        "exception": null,
        "traceback": null
    }
},
{
    "model": "django_apscheduler.djangojobexecution",
    "pk": 63,
    "fields": {
        "job": "weekly_backup",
        "status": "Executed",
        "run_time": "2023-10-18T13:03:02.668Z",
        "duration": "0.07",
        "finished": "1697634182.74",
        "exception": null,
        "traceback": null
    }
},
{
    "model": "django_apscheduler.djangojobexecution",
    "pk": 64,
    "fields": {
        "job": "weekly_backup",
        "status": "Executed",
        "run_time": "2023-10-18T13:04:02.668Z",
        "duration": "0.12",
        "finished": "1697634242.79",
        "exception": null,
        "traceback": null
    }
},
{
    "model": "django_apscheduler.djangojobexecution",
    "pk": 65,
    "fields": {
        "job": "weekly_backup",
        "status": "Executed",
        "run_time": "2023-10-18T13:05:02.668Z",
        "duration": "0.11",
        "finished": "1697634302.78",
        "exception": null,
        "traceback": null
    }
},
{
    "model": "django_apscheduler.djangojobexecution",
    "pk": 66,
    "fields": {
        "job": "weekly_backup",
        "status": "Executed",
        "run_time": "2023-10-18T13:06:02.668Z",
        "duration": "0.11",
        "finished": "1697634362.77",
        "exception": null,
        "traceback": null
    }
},
{
    "model": "django_apscheduler.djangojobexecution",
    "pk": 67,
    "fields": {
        "job": "weekly_backup",
        "status": "Executed",
        "run_time": "2023-10-18T13:07:02.668Z",
        "duration": "0.17",
        "finished": "1697634422.84",
        "exception": null,
        "traceback": null
    }
},
{
    "model": "django_apscheduler.djangojobexecution",
    "pk": 68,
    "fields": {
        "job": "weekly_backup",
        "status": "Executed",
        "run_time": "2023-10-18T13:08:02.668Z",
        "duration": "0.11",
        "finished": "1697634482.78",
        "exception": null,
        "traceback": null
    }
},
{
    "model": "django_apscheduler.djangojobexecution",
    "pk": 69,
    "fields": {
        "job": "weekly_backup",
        "status": "Executed",
        "run_time": "2023-10-18T13:09:02.668Z",
        "duration": "0.14",
        "finished": "1697634542.80",
        "exception": null,
        "traceback": null
    }
},
{
    "model": "django_apscheduler.djangojobexecution",
    "pk": 70,
    "fields": {
        "job": "weekly_backup",
        "status": "Executed",
        "run_time": "2023-10-18T13:10:02.668Z",
        "duration": "0.07",
        "finished": "1697634602.74",
        "exception": null,
        "traceback": null
    }
},
{
    "model": "django_apscheduler.djangojobexecution",
    "pk": 71,
    "fields": {
        "job": "weekly_backup",
        "status": "Executed",
        "run_time": "2023-10-18T13:11:02.668Z",
        "duration": "0.11",
        "finished": "1697634662.77",
        "exception": null,
        "traceback": null
    }
},
{
    "model": "django_apscheduler.djangojobexecution",
    "pk": 72,
    "fields": {
        "job": "weekly_backup",
        "status": "Executed",
        "run_time": "2023-10-18T13:12:02.668Z",
        "duration": "0.08",
        "finished": "1697634722.75",
        "exception": null,
        "traceback": null
    }
},
{
    "model": "django_apscheduler.djangojobexecution",
    "pk": 73,
    "fields": {
        "job": "weekly_backup",
        "status": "Executed",
        "run_time": "2023-10-18T13:13:02.668Z",
        "duration": "0.10",
        "finished": "1697634782.77",
        "exception": null,
        "traceback": null
    }
},
{
    "model": "django_apscheduler.djangojobexecution",
    "pk": 74,
    "fields": {
        "job": "weekly_backup",
        "status": "Executed",
        "run_time": "2023-10-18T13:14:02.668Z",
        "duration": "0.08",
        "finished": "1697634842.75",
        "exception": null,
        "traceback": null
    }
},
{
    "model": "django_apscheduler.djangojobexecution",
    "pk": 75,
    "fields": {
        "job": "weekly_backup",
        "status": "Executed",
        "run_time": "2023-10-18T13:15:02.668Z",
        "duration": "0.11",
        "finished": "1697634902.78",
        "exception": null,
        "traceback": null
    }
},
{
    "model": "django_apscheduler.djangojobexecution",
    "pk": 76,
    "fields": {
        "job": "weekly_backup",
        "status": "Executed",
        "run_time": "2023-10-18T13:16:02.668Z",
        "duration": "0.11",
        "finished": "1697634962.78",
        "exception": null,
        "traceback": null
    }
},
{
    "model": "django_apscheduler.djangojobexecution",
    "pk": 77,
    "fields": {
        "job": "weekly_backup",
        "status": "Executed",
        "run_time": "2023-10-18T13:17:02.668Z",
        "duration": "0.07",
        "finished": "1697635022.73",
        "exception": null,
        "traceback": null
    }
},
{
    "model": "django_apscheduler.djangojobexecution",
    "pk": 78,
    "fields": {
        "job": "weekly_backup",
        "status": "Executed",
        "run_time": "2023-10-18T13:18:02.668Z",
        "duration": "0.16",
        "finished": "1697635082.83",
        "exception": null,
        "traceback": null
    }
},
{
    "model": "django_apscheduler.djangojobexecution",
    "pk": 79,
    "fields": {
        "job": "weekly_backup",
        "status": "Executed",
        "run_time": "2023-10-18T13:19:02.668Z",
        "duration": "0.10",
        "finished": "1697635142.77",
        "exception": null,
        "traceback": null
    }
},
{
    "model": "django_apscheduler.djangojobexecution",
    "pk": 80,
    "fields": {
        "job": "weekly_backup",
        "status": "Executed",
        "run_time": "2023-10-18T13:20:02.668Z",
        "duration": "0.11",
        "finished": "1697635202.78",
        "exception": null,
        "traceback": null
    }
},
{
    "model": "django_apscheduler.djangojobexecution",
    "pk": 81,
    "fields": {
        "job": "weekly_backup",
        "status": "Executed",
        "run_time": "2023-10-18T13:21:02.668Z",
        "duration": "0.07",
        "finished": "1697635262.74",
        "exception": null,
        "traceback": null
    }
},
{
    "model": "django_apscheduler.djangojobexecution",
    "pk": 82,
    "fields": {
        "job": "weekly_backup",
        "status": "Executed",
        "run_time": "2023-10-18T13:22:02.668Z",
        "duration": "0.10",
        "finished": "1697635322.77",
        "exception": null,
        "traceback": null
    }
},
{
    "model": "django_apscheduler.djangojobexecution",
    "pk": 83,
    "fields": {
        "job": "weekly_backup",
        "status": "Executed",
        "run_time": "2023-10-18T13:23:02.668Z",
        "duration": "0.14",
        "finished": "1697635382.81",
        "exception": null,
        "traceback": null
    }
},
{
    "model": "django_apscheduler.djangojobexecution",
    "pk": 84,
    "fields": {
        "job": "weekly_backup",
        "status": "Executed",
        "run_time": "2023-10-18T13:24:02.668Z",
        "duration": "0.08",
        "finished": "1697635442.75",
        "exception": null,
        "traceback": null
    }
},
{
    "model": "django_apscheduler.djangojobexecution",
    "pk": 85,
    "fields": {
        "job": "weekly_backup",
        "status": "Executed",
        "run_time": "2023-10-18T13:25:02.668Z",
        "duration": "0.09",
        "finished": "1697635502.76",
        "exception": null,
        "traceback": null
    }
},
{
    "model": "django_apscheduler.djangojobexecution",
    "pk": 86,
    "fields": {
        "job": "weekly_backup",
        "status": "Executed",
        "run_time": "2023-10-18T13:26:02.668Z",
        "duration": "0.15",
        "finished": "1697635562.82",
        "exception": null,
        "traceback": null
    }
},
{
    "model": "django_apscheduler.djangojobexecution",
    "pk": 87,
    "fields": {
        "job": "weekly_backup",
        "status": "Executed",
        "run_time": "2023-10-18T13:27:02.668Z",
        "duration": "0.07",
        "finished": "1697635622.74",
        "exception": null,
        "traceback": null
    }
},
{
    "model": "django_apscheduler.djangojobexecution",
    "pk": 88,
    "fields": {
        "job": "weekly_backup",
        "status": "Executed",
        "run_time": "2023-10-18T13:28:02.668Z",
        "duration": "0.11",
        "finished": "1697635682.78",
        "exception": null,
        "traceback": null
    }
},
{
    "model": "django_apscheduler.djangojobexecution",
    "pk": 89,
    "fields": {
        "job": "weekly_backup",
        "status": "Executed",
        "run_time": "2023-10-18T13:29:02.668Z",
        "duration": "0.15",
        "finished": "1697635742.82",
        "exception": null,
        "traceback": null
    }
},
{
    "model": "django_apscheduler.djangojobexecution",
    "pk": 90,
    "fields": {
        "job": "weekly_backup",
        "status": "Executed",
        "run_time": "2023-10-18T13:30:02.668Z",
        "duration": "0.08",
        "finished": "1697635802.75",
        "exception": null,
        "traceback": null
    }
},
{
    "model": "django_apscheduler.djangojobexecution",
    "pk": 91,
    "fields": {
        "job": "weekly_backup",
        "status": "Executed",
        "run_time": "2023-10-18T13:31:02.668Z",
        "duration": "0.15",
        "finished": "1697635862.82",
        "exception": null,
        "traceback": null
    }
},
{
    "model": "django_apscheduler.djangojobexecution",
    "pk": 92,
    "fields": {
        "job": "weekly_backup",
        "status": "Executed",
        "run_time": "2023-10-18T13:32:02.668Z",
        "duration": "0.11",
        "finished": "1697635922.78",
        "exception": null,
        "traceback": null
    }
},
{
    "model": "django_apscheduler.djangojobexecution",
    "pk": 93,
    "fields": {
        "job": "weekly_backup",
        "status": "Executed",
        "run_time": "2023-10-18T13:33:02.668Z",
        "duration": "0.09",
        "finished": "1697635982.76",
        "exception": null,
        "traceback": null
    }
},
{
    "model": "django_apscheduler.djangojobexecution",
    "pk": 94,
    "fields": {
        "job": "weekly_backup",
        "status": "Executed",
        "run_time": "2023-10-18T13:34:02.668Z",
        "duration": "0.16",
        "finished": "1697636042.83",
        "exception": null,
        "traceback": null
    }
},
{
    "model": "django_apscheduler.djangojobexecution",
    "pk": 95,
    "fields": {
        "job": "weekly_backup",
        "status": "Executed",
        "run_time": "2023-10-18T13:35:02.668Z",
        "duration": "0.07",
        "finished": "1697636102.74",
        "exception": null,
        "traceback": null
    }
},
{
    "model": "django_apscheduler.djangojobexecution",
    "pk": 96,
    "fields": {
        "job": "weekly_backup",
        "status": "Executed",
        "run_time": "2023-10-18T13:36:02.668Z",
        "duration": "0.14",
        "finished": "1697636162.81",
        "exception": null,
        "traceback": null
    }
},
{
    "model": "django_apscheduler.djangojobexecution",
    "pk": 97,
    "fields": {
        "job": "weekly_backup",
        "status": "Executed",
        "run_time": "2023-10-18T13:37:02.668Z",
        "duration": "0.11",
        "finished": "1697636222.78",
        "exception": null,
        "traceback": null
    }
},
{
    "model": "django_apscheduler.djangojobexecution",
    "pk": 98,
    "fields": {
        "job": "weekly_backup",
        "status": "Executed",
        "run_time": "2023-10-18T13:38:02.668Z",
        "duration": "0.08",
        "finished": "1697636282.75",
        "exception": null,
        "traceback": null
    }
},
{
    "model": "django_apscheduler.djangojobexecution",
    "pk": 99,
    "fields": {
        "job": "weekly_backup",
        "status": "Executed",
        "run_time": "2023-10-18T13:39:02.668Z",
        "duration": "0.12",
        "finished": "1697636342.79",
        "exception": null,
        "traceback": null
    }
},
{
    "model": "django_apscheduler.djangojobexecution",
    "pk": 100,
    "fields": {
        "job": "weekly_backup",
        "status": "Executed",
        "run_time": "2023-10-18T13:40:02.668Z",
        "duration": "0.14",
        "finished": "1697636402.81",
        "exception": null,
        "traceback": null
    }
},
{
    "model": "django_apscheduler.djangojobexecution",
    "pk": 101,
    "fields": {
        "job": "weekly_backup",
        "status": "Executed",
        "run_time": "2023-10-18T13:41:02.668Z",
        "duration": "0.15",
        "finished": "1697636462.82",
        "exception": null,
        "traceback": null
    }
},
{
    "model": "django_apscheduler.djangojobexecution",
    "pk": 102,
    "fields": {
        "job": "weekly_backup",
        "status": "Executed",
        "run_time": "2023-10-18T13:42:02.668Z",
        "duration": "0.09",
        "finished": "1697636522.76",
        "exception": null,
        "traceback": null
    }
},
{
    "model": "django_apscheduler.djangojobexecution",
    "pk": 103,
    "fields": {
        "job": "weekly_backup",
        "status": "Executed",
        "run_time": "2023-10-18T13:43:02.668Z",
        "duration": "0.11",
        "finished": "1697636582.78",
        "exception": null,
        "traceback": null
    }
},
{
    "model": "django_apscheduler.djangojobexecution",
    "pk": 104,
    "fields": {
        "job": "weekly_backup",
        "status": "Executed",
        "run_time": "2023-10-18T13:44:02.668Z",
        "duration": "0.10",
        "finished": "1697636642.77",
        "exception": null,
        "traceback": null
    }
},
{
    "model": "django_apscheduler.djangojobexecution",
    "pk": 105,
    "fields": {
        "job": "weekly_backup",
        "status": "Executed",
        "run_time": "2023-10-18T13:45:02.668Z",
        "duration": "0.07",
        "finished": "1697636702.74",
        "exception": null,
        "traceback": null
    }
},
{
    "model": "django_apscheduler.djangojobexecution",
    "pk": 106,
    "fields": {
        "job": "weekly_backup",
        "status": "Executed",
        "run_time": "2023-10-18T13:46:02.668Z",
        "duration": "0.11",
        "finished": "1697636762.78",
        "exception": null,
        "traceback": null
    }
},
{
    "model": "django_apscheduler.djangojobexecution",
    "pk": 107,
    "fields": {
        "job": "weekly_backup",
        "status": "Executed",
        "run_time": "2023-10-18T13:47:02.668Z",
        "duration": "0.11",
        "finished": "1697636822.78",
        "exception": null,
        "traceback": null
    }
},
{
    "model": "django_apscheduler.djangojobexecution",
    "pk": 108,
    "fields": {
        "job": "weekly_backup",
        "status": "Executed",
        "run_time": "2023-10-18T13:48:02.668Z",
        "duration": "0.08",
        "finished": "1697636882.75",
        "exception": null,
        "traceback": null
    }
},
{
    "model": "django_apscheduler.djangojobexecution",
    "pk": 109,
    "fields": {
        "job": "weekly_backup",
        "status": "Executed",
        "run_time": "2023-10-18T13:49:02.668Z",
        "duration": "0.07",
        "finished": "1697636942.73",
        "exception": null,
        "traceback": null
    }
},
{
    "model": "django_apscheduler.djangojobexecution",
    "pk": 110,
    "fields": {
        "job": "weekly_backup",
        "status": "Executed",
        "run_time": "2023-10-18T13:50:02.668Z",
        "duration": "0.07",
        "finished": "1697637002.74",
        "exception": null,
        "traceback": null
    }
},
{
    "model": "django_apscheduler.djangojobexecution",
    "pk": 111,
    "fields": {
        "job": "weekly_backup",
        "status": "Executed",
        "run_time": "2023-10-18T13:51:02.668Z",
        "duration": "0.08",
        "finished": "1697637062.75",
        "exception": null,
        "traceback": null
    }
},
{
    "model": "django_apscheduler.djangojobexecution",
    "pk": 112,
    "fields": {
        "job": "weekly_backup",
        "status": "Executed",
        "run_time": "2023-10-18T13:52:02.668Z",
        "duration": "0.10",
        "finished": "1697637122.77",
        "exception": null,
        "traceback": null
    }
},
{
    "model": "django_apscheduler.djangojobexecution",
    "pk": 113,
    "fields": {
        "job": "weekly_backup",
        "status": "Executed",
        "run_time": "2023-10-18T13:53:02.668Z",
        "duration": "0.12",
        "finished": "1697637182.79",
        "exception": null,
        "traceback": null
    }
},
{
    "model": "django_apscheduler.djangojobexecution",
    "pk": 114,
    "fields": {
        "job": "weekly_backup",
        "status": "Executed",
        "run_time": "2023-10-18T13:54:02.668Z",
        "duration": "0.09",
        "finished": "1697637242.76",
        "exception": null,
        "traceback": null
    }
},
{
    "model": "django_apscheduler.djangojobexecution",
    "pk": 115,
    "fields": {
        "job": "weekly_backup",
        "status": "Executed",
        "run_time": "2023-10-18T13:55:02.668Z",
        "duration": "0.12",
        "finished": "1697637302.79",
        "exception": null,
        "traceback": null
    }
},
{
    "model": "django_apscheduler.djangojobexecution",
    "pk": 116,
    "fields": {
        "job": "weekly_backup",
        "status": "Executed",
        "run_time": "2023-10-18T13:56:02.668Z",
        "duration": "0.19",
        "finished": "1697637362.86",
        "exception": null,
        "traceback": null
    }
},
{
    "model": "django_apscheduler.djangojobexecution",
    "pk": 117,
    "fields": {
        "job": "weekly_backup",
        "status": "Executed",
        "run_time": "2023-10-18T13:57:02.668Z",
        "duration": "0.10",
        "finished": "1697637422.77",
        "exception": null,
        "traceback": null
    }
},
{
    "model": "django_apscheduler.djangojobexecution",
    "pk": 118,
    "fields": {
        "job": "weekly_backup",
        "status": "Executed",
        "run_time": "2023-10-18T13:58:02.668Z",
        "duration": "0.08",
        "finished": "1697637482.75",
        "exception": null,
        "traceback": null
    }
},
{
    "model": "django_apscheduler.djangojobexecution",
    "pk": 119,
    "fields": {
        "job": "weekly_backup",
        "status": "Executed",
        "run_time": "2023-10-18T13:59:02.668Z",
        "duration": "0.09",
        "finished": "1697637542.76",
        "exception": null,
        "traceback": null
    }
},
{
    "model": "django_apscheduler.djangojobexecution",
    "pk": 120,
    "fields": {
        "job": "weekly_backup",
        "status": "Executed",
        "run_time": "2023-10-18T14:00:02.668Z",
        "duration": "0.10",
        "finished": "1697637602.77",
        "exception": null,
        "traceback": null
    }
},
{
    "model": "django_apscheduler.djangojobexecution",
    "pk": 121,
    "fields": {
        "job": "weekly_backup",
        "status": "Executed",
        "run_time": "2023-10-18T14:01:02.668Z",
        "duration": "0.10",
        "finished": "1697637662.77",
        "exception": null,
        "traceback": null
    }
},
{
    "model": "django_apscheduler.djangojobexecution",
    "pk": 122,
    "fields": {
        "job": "weekly_backup",
        "status": "Executed",
        "run_time": "2023-10-18T14:02:02.668Z",
        "duration": "0.10",
        "finished": "1697637722.77",
        "exception": null,
        "traceback": null
    }
},
{
    "model": "django_apscheduler.djangojobexecution",
    "pk": 123,
    "fields": {
        "job": "weekly_backup",
        "status": "Executed",
        "run_time": "2023-10-18T14:03:02.668Z",
        "duration": "0.07",
        "finished": "1697637782.74",
        "exception": null,
        "traceback": null
    }
},
{
    "model": "django_apscheduler.djangojobexecution",
    "pk": 124,
    "fields": {
        "job": "weekly_backup",
        "status": "Executed",
        "run_time": "2023-10-18T14:04:02.668Z",
        "duration": "0.08",
        "finished": "1697637842.75",
        "exception": null,
        "traceback": null
    }
},
{
    "model": "django_apscheduler.djangojobexecution",
    "pk": 125,
    "fields": {
        "job": "weekly_backup",
        "status": "Executed",
        "run_time": "2023-10-18T14:05:02.668Z",
        "duration": "0.09",
        "finished": "1697637902.76",
        "exception": null,
        "traceback": null
    }
},
{
    "model": "django_apscheduler.djangojobexecution",
    "pk": 126,
    "fields": {
        "job": "weekly_backup",
        "status": "Executed",
        "run_time": "2023-10-18T14:06:02.668Z",
        "duration": "0.10",
        "finished": "1697637962.77",
        "exception": null,
        "traceback": null
    }
},
{
    "model": "django_apscheduler.djangojobexecution",
    "pk": 127,
    "fields": {
        "job": "weekly_backup",
        "status": "Executed",
        "run_time": "2023-10-18T14:07:02.668Z",
        "duration": "0.08",
        "finished": "1697638022.75",
        "exception": null,
        "traceback": null
    }
},
{
    "model": "django_apscheduler.djangojobexecution",
    "pk": 128,
    "fields": {
        "job": "weekly_backup",
        "status": "Executed",
        "run_time": "2023-10-18T14:08:02.668Z",
        "duration": "0.08",
        "finished": "1697638082.75",
        "exception": null,
        "traceback": null
    }
},
{
    "model": "django_apscheduler.djangojobexecution",
    "pk": 129,
    "fields": {
        "job": "weekly_backup",
        "status": "Executed",
        "run_time": "2023-10-18T14:09:02.668Z",
        "duration": "0.09",
        "finished": "1697638142.75",
        "exception": null,
        "traceback": null
    }
},
{
    "model": "django_apscheduler.djangojobexecution",
    "pk": 130,
    "fields": {
        "job": "weekly_backup",
        "status": "Executed",
        "run_time": "2023-10-18T14:10:02.668Z",
        "duration": "0.07",
        "finished": "1697638202.74",
        "exception": null,
        "traceback": null
    }
},
{
    "model": "django_apscheduler.djangojobexecution",
    "pk": 131,
    "fields": {
        "job": "weekly_backup",
        "status": "Executed",
        "run_time": "2023-10-18T14:11:02.668Z",
        "duration": "0.10",
        "finished": "1697638262.77",
        "exception": null,
        "traceback": null
    }
},
{
    "model": "django_apscheduler.djangojobexecution",
    "pk": 132,
    "fields": {
        "job": "weekly_backup",
        "status": "Executed",
        "run_time": "2023-10-18T14:12:02.668Z",
        "duration": "0.09",
        "finished": "1697638322.76",
        "exception": null,
        "traceback": null
    }
},
{
    "model": "django_apscheduler.djangojobexecution",
    "pk": 133,
    "fields": {
        "job": "weekly_backup",
        "status": "Executed",
        "run_time": "2023-10-18T14:13:02.668Z",
        "duration": "0.08",
        "finished": "1697638382.75",
        "exception": null,
        "traceback": null
    }
},
{
    "model": "django_apscheduler.djangojobexecution",
    "pk": 134,
    "fields": {
        "job": "weekly_backup",
        "status": "Executed",
        "run_time": "2023-10-18T14:14:02.668Z",
        "duration": "0.14",
        "finished": "1697638442.80",
        "exception": null,
        "traceback": null
    }
},
{
    "model": "django_apscheduler.djangojobexecution",
    "pk": 135,
    "fields": {
        "job": "weekly_backup",
        "status": "Executed",
        "run_time": "2023-10-18T14:15:02.668Z",
        "duration": "0.10",
        "finished": "1697638502.77",
        "exception": null,
        "traceback": null
    }
},
{
    "model": "django_apscheduler.djangojobexecution",
    "pk": 136,
    "fields": {
        "job": "weekly_backup",
        "status": "Executed",
        "run_time": "2023-10-18T14:16:02.668Z",
        "duration": "0.10",
        "finished": "1697638562.76",
        "exception": null,
        "traceback": null
    }
},
{
    "model": "django_apscheduler.djangojobexecution",
    "pk": 137,
    "fields": {
        "job": "weekly_backup",
        "status": "Executed",
        "run_time": "2023-10-18T14:17:02.668Z",
        "duration": "0.11",
        "finished": "1697638622.78",
        "exception": null,
        "traceback": null
    }
},
{
    "model": "django_apscheduler.djangojobexecution",
    "pk": 138,
    "fields": {
        "job": "weekly_backup",
        "status": "Executed",
        "run_time": "2023-10-18T14:18:02.668Z",
        "duration": "0.09",
        "finished": "1697638682.76",
        "exception": null,
        "traceback": null
    }
},
{
    "model": "django_apscheduler.djangojobexecution",
    "pk": 139,
    "fields": {
        "job": "weekly_backup",
        "status": "Executed",
        "run_time": "2023-10-18T14:19:02.668Z",
        "duration": "0.12",
        "finished": "1697638742.79",
        "exception": null,
        "traceback": null
    }
},
{
    "model": "django_apscheduler.djangojobexecution",
    "pk": 140,
    "fields": {
        "job": "weekly_backup",
        "status": "Executed",
        "run_time": "2023-10-18T14:20:02.668Z",
        "duration": "0.20",
        "finished": "1697638802.87",
        "exception": null,
        "traceback": null
    }
},
{
    "model": "django_apscheduler.djangojobexecution",
    "pk": 141,
    "fields": {
        "job": "weekly_backup",
        "status": "Executed",
        "run_time": "2023-10-18T14:21:02.668Z",
        "duration": "0.13",
        "finished": "1697638862.80",
        "exception": null,
        "traceback": null
    }
},
{
    "model": "django_apscheduler.djangojobexecution",
    "pk": 142,
    "fields": {
        "job": "weekly_backup",
        "status": "Executed",
        "run_time": "2023-10-18T14:22:02.668Z",
        "duration": "0.08",
        "finished": "1697638922.75",
        "exception": null,
        "traceback": null
    }
},
{
    "model": "django_apscheduler.djangojobexecution",
    "pk": 143,
    "fields": {
        "job": "weekly_backup",
        "status": "Executed",
        "run_time": "2023-10-18T14:23:02.668Z",
        "duration": "0.14",
        "finished": "1697638982.81",
        "exception": null,
        "traceback": null
    }
},
{
    "model": "django_apscheduler.djangojobexecution",
    "pk": 144,
    "fields": {
        "job": "weekly_backup",
        "status": "Executed",
        "run_time": "2023-10-18T14:24:02.668Z",
        "duration": "0.11",
        "finished": "1697639042.78",
        "exception": null,
        "traceback": null
    }
},
{
    "model": "django_apscheduler.djangojobexecution",
    "pk": 145,
    "fields": {
        "job": "weekly_backup",
        "status": "Executed",
        "run_time": "2023-10-18T14:25:02.668Z",
        "duration": "0.09",
        "finished": "1697639102.76",
        "exception": null,
        "traceback": null
    }
},
{
    "model": "django_apscheduler.djangojobexecution",
    "pk": 146,
    "fields": {
        "job": "weekly_backup",
        "status": "Executed",
        "run_time": "2023-10-18T14:26:02.668Z",
        "duration": "0.09",
        "finished": "1697639162.76",
        "exception": null,
        "traceback": null
    }
},
{
    "model": "django_apscheduler.djangojobexecution",
    "pk": 147,
    "fields": {
        "job": "weekly_backup",
        "status": "Executed",
        "run_time": "2023-10-18T14:27:02.668Z",
        "duration": "0.11",
        "finished": "1697639222.78",
        "exception": null,
        "traceback": null
    }
},
{
    "model": "django_apscheduler.djangojobexecution",
    "pk": 148,
    "fields": {
        "job": "weekly_backup",
        "status": "Executed",
        "run_time": "2023-10-18T14:28:02.668Z",
        "duration": "0.16",
        "finished": "1697639282.83",
        "exception": null,
        "traceback": null
    }
},
{
    "model": "django_apscheduler.djangojobexecution",
    "pk": 149,
    "fields": {
        "job": "weekly_backup",
        "status": "Executed",
        "run_time": "2023-10-18T14:29:02.668Z",
        "duration": "0.08",
        "finished": "1697639342.75",
        "exception": null,
        "traceback": null
    }
},
{
    "model": "django_apscheduler.djangojobexecution",
    "pk": 150,
    "fields": {
        "job": "weekly_backup",
        "status": "Executed",
        "run_time": "2023-10-18T14:30:02.668Z",
        "duration": "0.12",
        "finished": "1697639402.78",
        "exception": null,
        "traceback": null
    }
},
{
    "model": "django_apscheduler.djangojobexecution",
    "pk": 151,
    "fields": {
        "job": "weekly_backup",
        "status": "Executed",
        "run_time": "2023-10-18T14:31:02.668Z",
        "duration": "0.14",
        "finished": "1697639462.80",
        "exception": null,
        "traceback": null
    }
},
{
    "model": "django_apscheduler.djangojobexecution",
    "pk": 152,
    "fields": {
        "job": "weekly_backup",
        "status": "Executed",
        "run_time": "2023-10-18T14:32:02.668Z",
        "duration": "0.09",
        "finished": "1697639522.76",
        "exception": null,
        "traceback": null
    }
},
{
    "model": "django_apscheduler.djangojobexecution",
    "pk": 153,
    "fields": {
        "job": "weekly_backup",
        "status": "Executed",
        "run_time": "2023-10-18T14:33:02.668Z",
        "duration": "0.11",
        "finished": "1697639582.77",
        "exception": null,
        "traceback": null
    }
},
{
    "model": "django_apscheduler.djangojobexecution",
    "pk": 154,
    "fields": {
        "job": "weekly_backup",
        "status": "Executed",
        "run_time": "2023-10-18T14:34:02.668Z",
        "duration": "0.07",
        "finished": "1697639642.74",
        "exception": null,
        "traceback": null
    }
},
{
    "model": "django_apscheduler.djangojobexecution",
    "pk": 155,
    "fields": {
        "job": "weekly_backup",
        "status": "Executed",
        "run_time": "2023-10-18T14:35:02.668Z",
        "duration": "0.10",
        "finished": "1697639702.77",
        "exception": null,
        "traceback": null
    }
},
{
    "model": "django_apscheduler.djangojobexecution",
    "pk": 156,
    "fields": {
        "job": "weekly_backup",
        "status": "Executed",
        "run_time": "2023-10-18T14:36:02.668Z",
        "duration": "0.13",
        "finished": "1697639762.80",
        "exception": null,
        "traceback": null
    }
},
{
    "model": "django_apscheduler.djangojobexecution",
    "pk": 157,
    "fields": {
        "job": "weekly_backup",
        "status": "Executed",
        "run_time": "2023-10-18T14:37:02.668Z",
        "duration": "0.08",
        "finished": "1697639822.75",
        "exception": null,
        "traceback": null
    }
},
{
    "model": "django_apscheduler.djangojobexecution",
    "pk": 158,
    "fields": {
        "job": "weekly_backup",
        "status": "Executed",
        "run_time": "2023-10-18T14:38:02.668Z",
        "duration": "0.14",
        "finished": "1697639882.81",
        "exception": null,
        "traceback": null
    }
},
{
    "model": "django_apscheduler.djangojobexecution",
    "pk": 159,
    "fields": {
        "job": "weekly_backup",
        "status": "Executed",
        "run_time": "2023-10-18T14:39:02.668Z",
        "duration": "0.15",
        "finished": "1697639942.82",
        "exception": null,
        "traceback": null
    }
},
{
    "model": "django_apscheduler.djangojobexecution",
    "pk": 160,
    "fields": {
        "job": "weekly_backup",
        "status": "Executed",
        "run_time": "2023-10-18T14:40:02.668Z",
        "duration": "0.12",
        "finished": "1697640002.79",
        "exception": null,
        "traceback": null
    }
},
{
    "model": "django_apscheduler.djangojobexecution",
    "pk": 161,
    "fields": {
        "job": "weekly_backup",
        "status": "Executed",
        "run_time": "2023-10-18T14:41:02.668Z",
        "duration": "0.07",
        "finished": "1697640062.74",
        "exception": null,
        "traceback": null
    }
},
{
    "model": "django_apscheduler.djangojobexecution",
    "pk": 162,
    "fields": {
        "job": "weekly_backup",
        "status": "Executed",
        "run_time": "2023-10-18T14:42:02.668Z",
        "duration": "0.12",
        "finished": "1697640122.79",
        "exception": null,
        "traceback": null
    }
},
{
    "model": "django_apscheduler.djangojobexecution",
    "pk": 163,
    "fields": {
        "job": "weekly_backup",
        "status": "Executed",
        "run_time": "2023-10-18T14:43:02.668Z",
        "duration": "0.11",
        "finished": "1697640182.78",
        "exception": null,
        "traceback": null
    }
},
{
    "model": "django_apscheduler.djangojobexecution",
    "pk": 164,
    "fields": {
        "job": "weekly_backup",
        "status": "Executed",
        "run_time": "2023-10-18T14:44:02.668Z",
        "duration": "0.12",
        "finished": "1697640242.79",
        "exception": null,
        "traceback": null
    }
},
{
    "model": "django_apscheduler.djangojobexecution",
    "pk": 165,
    "fields": {
        "job": "weekly_backup",
        "status": "Executed",
        "run_time": "2023-10-18T14:45:02.668Z",
        "duration": "0.11",
        "finished": "1697640302.77",
        "exception": null,
        "traceback": null
    }
},
{
    "model": "django_apscheduler.djangojobexecution",
    "pk": 166,
    "fields": {
        "job": "weekly_backup",
        "status": "Executed",
        "run_time": "2023-10-18T14:46:02.668Z",
        "duration": "0.10",
        "finished": "1697640362.77",
        "exception": null,
        "traceback": null
    }
},
{
    "model": "django_apscheduler.djangojobexecution",
    "pk": 167,
    "fields": {
        "job": "weekly_backup",
        "status": "Executed",
        "run_time": "2023-10-18T14:47:02.668Z",
        "duration": "0.10",
        "finished": "1697640422.77",
        "exception": null,
        "traceback": null
    }
},
{
    "model": "django_apscheduler.djangojobexecution",
    "pk": 168,
    "fields": {
        "job": "weekly_backup",
        "status": "Executed",
        "run_time": "2023-10-18T14:48:02.668Z",
        "duration": "0.09",
        "finished": "1697640482.76",
        "exception": null,
        "traceback": null
    }
},
{
    "model": "django_apscheduler.djangojobexecution",
    "pk": 169,
    "fields": {
        "job": "weekly_backup",
        "status": "Executed",
        "run_time": "2023-10-18T14:49:02.668Z",
        "duration": "0.09",
        "finished": "1697640542.76",
        "exception": null,
        "traceback": null
    }
},
{
    "model": "django_apscheduler.djangojobexecution",
    "pk": 170,
    "fields": {
        "job": "weekly_backup",
        "status": "Executed",
        "run_time": "2023-10-18T14:50:02.668Z",
        "duration": "0.08",
        "finished": "1697640602.75",
        "exception": null,
        "traceback": null
    }
},
{
    "model": "django_apscheduler.djangojobexecution",
    "pk": 171,
    "fields": {
        "job": "weekly_backup",
        "status": "Executed",
        "run_time": "2023-10-18T14:51:02.668Z",
        "duration": "0.08",
        "finished": "1697640662.75",
        "exception": null,
        "traceback": null
    }
},
{
    "model": "django_apscheduler.djangojobexecution",
    "pk": 172,
    "fields": {
        "job": "weekly_backup",
        "status": "Executed",
        "run_time": "2023-10-18T14:52:02.668Z",
        "duration": "0.09",
        "finished": "1697640722.76",
        "exception": null,
        "traceback": null
    }
},
{
    "model": "django_apscheduler.djangojobexecution",
    "pk": 173,
    "fields": {
        "job": "weekly_backup",
        "status": "Executed",
        "run_time": "2023-10-18T14:53:02.668Z",
        "duration": "0.10",
        "finished": "1697640782.76",
        "exception": null,
        "traceback": null
    }
},
{
    "model": "django_apscheduler.djangojobexecution",
    "pk": 174,
    "fields": {
        "job": "weekly_backup",
        "status": "Executed",
        "run_time": "2023-10-18T14:54:02.668Z",
        "duration": "0.12",
        "finished": "1697640842.79",
        "exception": null,
        "traceback": null
    }
},
{
    "model": "django_apscheduler.djangojobexecution",
    "pk": 175,
    "fields": {
        "job": "weekly_backup",
        "status": "Executed",
        "run_time": "2023-10-18T14:55:02.668Z",
        "duration": "0.09",
        "finished": "1697640902.76",
        "exception": null,
        "traceback": null
    }
},
{
    "model": "django_apscheduler.djangojobexecution",
    "pk": 176,
    "fields": {
        "job": "weekly_backup",
        "status": "Executed",
        "run_time": "2023-10-18T14:56:02.668Z",
        "duration": "0.09",
        "finished": "1697640962.76",
        "exception": null,
        "traceback": null
    }
},
{
    "model": "django_apscheduler.djangojobexecution",
    "pk": 177,
    "fields": {
        "job": "weekly_backup",
        "status": "Executed",
        "run_time": "2023-10-18T14:57:02.668Z",
        "duration": "0.10",
        "finished": "1697641022.77",
        "exception": null,
        "traceback": null
    }
},
{
    "model": "django_apscheduler.djangojobexecution",
    "pk": 178,
    "fields": {
        "job": "weekly_backup",
        "status": "Executed",
        "run_time": "2023-10-18T14:58:02.668Z",
        "duration": "0.09",
        "finished": "1697641082.75",
        "exception": null,
        "traceback": null
    }
},
{
    "model": "django_apscheduler.djangojobexecution",
    "pk": 179,
    "fields": {
        "job": "weekly_backup",
        "status": "Executed",
        "run_time": "2023-10-18T14:59:02.668Z",
        "duration": "0.11",
        "finished": "1697641142.77",
        "exception": null,
        "traceback": null
    }
},
{
    "model": "django_apscheduler.djangojobexecution",
    "pk": 180,
    "fields": {
        "job": "weekly_backup",
        "status": "Executed",
        "run_time": "2023-10-18T15:00:02.668Z",
        "duration": "0.11",
        "finished": "1697641202.78",
        "exception": null,
        "traceback": null
    }
},
{
    "model": "django_apscheduler.djangojobexecution",
    "pk": 181,
    "fields": {
        "job": "weekly_backup",
        "status": "Executed",
        "run_time": "2023-10-18T15:01:02.668Z",
        "duration": "0.09",
        "finished": "1697641262.75",
        "exception": null,
        "traceback": null
    }
},
{
    "model": "django_apscheduler.djangojobexecution",
    "pk": 182,
    "fields": {
        "job": "weekly_backup",
        "status": "Executed",
        "run_time": "2023-10-18T15:02:02.668Z",
        "duration": "0.08",
        "finished": "1697641322.75",
        "exception": null,
        "traceback": null
    }
},
{
    "model": "django_apscheduler.djangojobexecution",
    "pk": 183,
    "fields": {
        "job": "weekly_backup",
        "status": "Executed",
        "run_time": "2023-10-18T15:03:02.668Z",
        "duration": "0.09",
        "finished": "1697641382.76",
        "exception": null,
        "traceback": null
    }
},
{
    "model": "django_apscheduler.djangojobexecution",
    "pk": 184,
    "fields": {
        "job": "weekly_backup",
        "status": "Executed",
        "run_time": "2023-10-18T15:04:02.668Z",
        "duration": "0.07",
        "finished": "1697641442.74",
        "exception": null,
        "traceback": null
    }
},
{
    "model": "django_apscheduler.djangojobexecution",
    "pk": 185,
    "fields": {
        "job": "weekly_backup",
        "status": "Executed",
        "run_time": "2023-10-18T15:05:02.668Z",
        "duration": "0.12",
        "finished": "1697641502.78",
        "exception": null,
        "traceback": null
    }
},
{
    "model": "django_apscheduler.djangojobexecution",
    "pk": 186,
    "fields": {
        "job": "weekly_backup",
        "status": "Executed",
        "run_time": "2023-10-18T15:06:02.668Z",
        "duration": "0.08",
        "finished": "1697641562.75",
        "exception": null,
        "traceback": null
    }
},
{
    "model": "django_apscheduler.djangojobexecution",
    "pk": 187,
    "fields": {
        "job": "weekly_backup",
        "status": "Executed",
        "run_time": "2023-10-18T15:07:02.668Z",
        "duration": "0.12",
        "finished": "1697641622.79",
        "exception": null,
        "traceback": null
    }
},
{
    "model": "django_apscheduler.djangojobexecution",
    "pk": 188,
    "fields": {
        "job": "weekly_backup",
        "status": "Executed",
        "run_time": "2023-10-18T15:08:02.668Z",
        "duration": "0.09",
        "finished": "1697641682.76",
        "exception": null,
        "traceback": null
    }
},
{
    "model": "django_apscheduler.djangojobexecution",
    "pk": 189,
    "fields": {
        "job": "weekly_backup",
        "status": "Executed",
        "run_time": "2023-10-18T15:09:02.668Z",
        "duration": "0.13",
        "finished": "1697641742.80",
        "exception": null,
        "traceback": null
    }
},
{
    "model": "django_apscheduler.djangojobexecution",
    "pk": 190,
    "fields": {
        "job": "weekly_backup",
        "status": "Executed",
        "run_time": "2023-10-18T15:10:02.668Z",
        "duration": "0.10",
        "finished": "1697641802.77",
        "exception": null,
        "traceback": null
    }
},
{
    "model": "django_apscheduler.djangojobexecution",
    "pk": 191,
    "fields": {
        "job": "weekly_backup",
        "status": "Executed",
        "run_time": "2023-10-18T15:11:02.668Z",
        "duration": "0.09",
        "finished": "1697641862.76",
        "exception": null,
        "traceback": null
    }
},
{
    "model": "django_apscheduler.djangojobexecution",
    "pk": 192,
    "fields": {
        "job": "weekly_backup",
        "status": "Executed",
        "run_time": "2023-10-18T15:12:02.668Z",
        "duration": "0.11",
        "finished": "1697641922.78",
        "exception": null,
        "traceback": null
    }
},
{
    "model": "django_apscheduler.djangojobexecution",
    "pk": 193,
    "fields": {
        "job": "weekly_backup",
        "status": "Executed",
        "run_time": "2023-10-18T15:13:02.668Z",
        "duration": "0.07",
        "finished": "1697641982.74",
        "exception": null,
        "traceback": null
    }
},
{
    "model": "django_apscheduler.djangojobexecution",
    "pk": 194,
    "fields": {
        "job": "weekly_backup",
        "status": "Executed",
        "run_time": "2023-10-18T15:14:02.668Z",
        "duration": "0.08",
        "finished": "1697642042.75",
        "exception": null,
        "traceback": null
    }
},
{
    "model": "django_apscheduler.djangojobexecution",
    "pk": 195,
    "fields": {
        "job": "weekly_backup",
        "status": "Executed",
        "run_time": "2023-10-18T15:15:02.668Z",
        "duration": "0.07",
        "finished": "1697642102.74",
        "exception": null,
        "traceback": null
    }
},
{
    "model": "django_apscheduler.djangojobexecution",
    "pk": 196,
    "fields": {
        "job": "weekly_backup",
        "status": "Executed",
        "run_time": "2023-10-18T15:16:02.668Z",
        "duration": "0.09",
        "finished": "1697642162.76",
        "exception": null,
        "traceback": null
    }
},
{
    "model": "django_apscheduler.djangojobexecution",
    "pk": 197,
    "fields": {
        "job": "weekly_backup",
        "status": "Executed",
        "run_time": "2023-10-18T15:17:02.668Z",
        "duration": "0.09",
        "finished": "1697642222.75",
        "exception": null,
        "traceback": null
    }
},
{
    "model": "django_apscheduler.djangojobexecution",
    "pk": 198,
    "fields": {
        "job": "weekly_backup",
        "status": "Executed",
        "run_time": "2023-10-18T21:28:46.510Z",
        "duration": "0.16",
        "finished": "1697664526.67",
        "exception": null,
        "traceback": null
    }
},
{
    "model": "django_apscheduler.djangojobexecution",
    "pk": 199,
    "fields": {
        "job": "weekly_backup",
        "status": "Executed",
        "run_time": "2023-10-18T21:31:04.231Z",
        "duration": "0.12",
        "finished": "1697664664.35",
        "exception": null,
        "traceback": null
    }
},
{
    "model": "django_apscheduler.djangojobexecution",
    "pk": 200,
    "fields": {
        "job": "weekly_backup",
        "status": "Executed",
        "run_time": "2023-10-18T21:32:04.231Z",
        "duration": "0.15",
        "finished": "1697664724.38",
        "exception": null,
        "traceback": null
    }
},
{
    "model": "django_apscheduler.djangojobexecution",
    "pk": 201,
    "fields": {
        "job": "weekly_backup",
        "status": "Executed",
        "run_time": "2023-10-18T21:33:04.231Z",
        "duration": "0.15",
        "finished": "1697664784.38",
        "exception": null,
        "traceback": null
    }
},
{
    "model": "ecommerce.eventsale",
    "pk": 1,
    "fields": {
        "bill_no": 1,
        "sr": 1,
        "status": "Confirm",
        "event_timing": "Night",
        "booking_date": "2023-10-11",
        "event_date": "2023-10-12",
        "no_of_people": 10,
        "location": "Hall",
        "setup": "Normal",
        "deals": "Custom Deal",
        "customer_name": "Rizwan",
        "stage_charges": 0,
        "entry_charges": 0,
        "gents": 5,
        "ladies": 5,
        "customer_number": 123456789,
        "per_head": 1100,
        "extra_charges": 4000,
        "food_menu": "Water 500ML (35), Water 1.5L (29), ",
        "detials": "ghj",
        "total_menu": 5000,
        "payment_details": "1: Initial Payment was 2000",
        "payment_count": 1,
        "total_amount": 15000,
        "recieved_amount": 2000,
        "remaining_amount": 13000
    }
},
{
    "model": "ecommerce.eventsale",
    "pk": 3,
    "fields": {
        "bill_no": 3,
        "sr": 3,
        "status": "Confirm",
        "event_timing": "Night",
        "booking_date": "2023-10-11",
        "event_date": "2023-10-16",
        "no_of_people": 10,
        "location": "Lawn",
        "setup": "Delux",
        "deals": "Custom Deal",
        "customer_name": "Khoraki",
        "stage_charges": 0,
        "entry_charges": 0,
        "gents": 0,
        "ladies": 0,
        "customer_number": 123456789,
        "per_head": 2542,
        "extra_charges": 2000,
        "food_menu": "Water_500ML (2), Water_1.5L (1), Waiters (1), Biryani (12), ",
        "detials": "askd",
        "total_menu": 15420,
        "payment_details": "1: Initial Payment was 10000",
        "payment_count": 1,
        "total_amount": 27420,
        "recieved_amount": 10000,
        "remaining_amount": 17420
    }
},
{
    "model": "ecommerce.eventsale",
    "pk": 5,
    "fields": {
        "bill_no": 4,
        "sr": 4,
        "status": "Confirm",
        "event_timing": "Day",
        "booking_date": "2023-10-11",
        "event_date": "2023-10-14",
        "no_of_people": 10,
        "location": "Hall",
        "setup": "Normal",
        "deals": "Custom Deal",
        "customer_name": "Khoraki",
        "stage_charges": 300,
        "entry_charges": 0,
        "gents": 40,
        "ladies": 60,
        "customer_number": 234567889,
        "per_head": 4010,
        "extra_charges": 200,
        "food_menu": "Water_500ML (1), Water_300ML (1), Waiters (12), Biryani (22), ",
        "detials": "ksdfj",
        "total_menu": 36100,
        "payment_details": "1: Initial Payment was 5000",
        "payment_count": 1,
        "total_amount": 40600,
        "recieved_amount": 5000,
        "remaining_amount": 35600
    }
},
{
    "model": "ecommerce.eventsale",
    "pk": 7,
    "fields": {
        "bill_no": 5,
        "sr": 5,
        "status": "Confirm",
        "event_timing": "Night",
        "booking_date": "2023-10-16",
        "event_date": "2023-10-18",
        "no_of_people": 10,
        "location": "Lawn",
        "setup": "VIP",
        "deals": "Custom Deal",
        "customer_name": "ksksk",
        "stage_charges": 0,
        "entry_charges": 0,
        "gents": 0,
        "ladies": 0,
        "customer_number": 2345678,
        "per_head": 130,
        "extra_charges": 12,
        "food_menu": "Water_500ML (1), Water_300ML (1), ",
        "detials": "sdfj",
        "total_menu": 100,
        "payment_details": "1: Initial Payment was 1000",
        "payment_count": 1,
        "total_amount": 1312,
        "recieved_amount": 1000,
        "remaining_amount": 312
    }
},
{
    "model": "ecommerce.eventexpense",
    "pk": 1,
    "fields": {
        "bill": 1,
        "pakwan_bill": 5000,
        "electicity": 3,
        "naan_qty": 3,
        "naan_bill": 90,
        "cold_drink": 3,
        "cold_drink_bill": 480,
        "water": 3,
        "water_bill": 120,
        "bbq_kg_qty": 0,
        "bbq_price": 0,
        "diesel_ltr": 3,
        "no_of_waiters": 3,
        "waiters_bill": 2400,
        "stuff_bill": 3,
        "dhobi": 3,
        "other_expense": 3,
        "other_expense_detals": "",
        "setup_bill": 3,
        "decor": "3",
        "decor_bill": 3,
        "total_expense": 8108,
        "expense_date": "2023-10-12"
    }
},
{
    "model": "ecommerce.event",
    "pk": 1,
    "fields": {
        "event_title": "Rizwan",
        "start_date": "2023-10-12",
        "end_date": "2023-10-12",
        "event_time": "Night"
    }
},
{
    "model": "ecommerce.event",
    "pk": 3,
    "fields": {
        "event_title": "Khoraki",
        "start_date": "2023-10-16",
        "end_date": "2023-10-16",
        "event_time": "Night"
    }
},
{
    "model": "ecommerce.event",
    "pk": 5,
    "fields": {
        "event_title": "Khoraki",
        "start_date": "2023-10-14",
        "end_date": "2023-10-14",
        "event_time": "Day"
    }
},
{
    "model": "ecommerce.event",
    "pk": 7,
    "fields": {
        "event_title": "ksksk",
        "start_date": "2023-10-18",
        "end_date": "2023-10-18",
        "event_time": "Night"
    }
},
{
    "model": "items.category",
    "pk": 1,
    "fields": {
        "name": "Meat",
        "description": "habib",
        "status": 1,
        "date_added": "2023-10-10T19:05:55.344Z",
        "date_updated": "2023-10-10T19:05:55.344Z"
    }
},
{
    "model": "items.category",
    "pk": 2,
    "fields": {
        "name": "Deserts",
        "description": "skdfj",
        "status": 1,
        "date_added": "2023-10-10T19:13:36.658Z",
        "date_updated": "2023-10-10T19:13:36.658Z"
    }
},
{
    "model": "items.unit",
    "pk": 1,
    "fields": {
        "name": "Killogram",
        "short_name": "kilo",
        "unit": "kg",
        "date_added": "2023-10-10T19:13:57.337Z"
    }
},
{
    "model": "items.brand",
    "pk": 1,
    "fields": {
        "name": "Nestle",
        "desc": "skdfj",
        "date_added": "2023-10-10T19:13:45.992Z"
    }
},
{
    "model": "items.myproducts",
    "pk": 1,
    "fields": {
        "code": "NAAN",
        "product_name": "Naan",
        "category_id": 2,
        "brand": 1,
        "unit": 1,
        "price": 30,
        "cost": 0,
        "qty": 100,
        "product_image": "product_images/2023/10/pngtree-naan-bread-in-bowl-png-image_8932053.png",
        "product_desc": "Delicious Naan bread",
        "date_added": "2023-10-10T19:49:05Z",
        "date_updated": "2023-10-10T19:49:05Z",
        "status": 1
    }
},
{
    "model": "items.myproducts",
    "pk": 2,
    "fields": {
        "code": "WATER",
        "product_name": "Water_500ML",
        "category_id": 2,
        "brand": 1,
        "unit": 1,
        "price": 60,
        "cost": 0,
        "qty": 500,
        "product_image": "product_images/2023/10/water_500ml_opVl1GE.jpeg",
        "product_desc": "Refreshing bottled water",
        "date_added": "2023-10-10T19:49:05Z",
        "date_updated": "2023-10-10T19:49:05Z",
        "status": 1
    }
},
{
    "model": "items.myproducts",
    "pk": 3,
    "fields": {
        "code": "WATER",
        "product_name": "Water_300ML",
        "category_id": 1,
        "brand": 1,
        "unit": 1,
        "price": 40,
        "cost": 0,
        "qty": 500,
        "product_image": "product_images/2023/10/water_500ml.jpeg",
        "product_desc": "Refreshing bottled water",
        "date_added": "2023-10-10T19:49:05Z",
        "date_updated": "2023-10-10T19:49:05Z",
        "status": 1
    }
},
{
    "model": "items.myproducts",
    "pk": 4,
    "fields": {
        "code": "WATER",
        "product_name": "Water_1.5L",
        "category_id": 1,
        "brand": 1,
        "unit": 1,
        "price": 100,
        "cost": 0,
        "qty": 500,
        "product_image": "product_images/2023/10/1.5_ML.png",
        "product_desc": "Refreshing bottled water",
        "date_added": "2023-10-10T19:49:05Z",
        "date_updated": "2023-10-10T19:49:05Z",
        "status": 1
    }
},
{
    "model": "items.myproducts",
    "pk": 5,
    "fields": {
        "code": "WAITERS",
        "product_name": "Waiters",
        "category_id": 1,
        "brand": 1,
        "unit": 1,
        "price": 800,
        "cost": 0,
        "qty": 50,
        "product_image": "product_images/2023/10/hotel-waiter.jpg",
        "product_desc": "Hardworking waiters",
        "date_added": "2023-10-10T19:49:05Z",
        "date_updated": "2023-10-10T19:49:05Z",
        "status": 1
    }
},
{
    "model": "items.myproducts",
    "pk": 6,
    "fields": {
        "code": "DRINKS",
        "product_name": "Cold_Drinks_1.5L",
        "category_id": 1,
        "brand": 1,
        "unit": 1,
        "price": 160,
        "cost": 0,
        "qty": 50,
        "product_image": "product_images/2023/10/Pepsi-1.5-ltr_eDhvsk4.jpg",
        "product_desc": "Cold Drinks",
        "date_added": "2023-10-10T19:49:05Z",
        "date_updated": "2023-10-10T19:49:05Z",
        "status": 1
    }
},
{
    "model": "items.myproducts",
    "pk": 7,
    "fields": {
        "code": "DRINKS",
        "product_name": "Cold_Drinks_Tin",
        "category_id": 1,
        "brand": 1,
        "unit": 1,
        "price": 70,
        "cost": 0,
        "qty": 50,
        "product_image": "product_images/2023/10/tin_drink.jpg",
        "product_desc": "Cold Drinks",
        "date_added": "2023-10-10T19:49:05Z",
        "date_updated": "2023-10-10T19:49:05Z",
        "status": 1
    }
},
{
    "model": "items.myproducts",
    "pk": 8,
    "fields": {
        "code": "DRINKS",
        "product_name": "Cold_Drinks_2.5L",
        "category_id": 1,
        "brand": 1,
        "unit": 1,
        "price": 220,
        "cost": 0,
        "qty": 50,
        "product_image": "product_images/2023/10/Pepsi-1.5-ltr.jpg",
        "product_desc": "Cold Drinks",
        "date_added": "2023-10-10T19:49:05Z",
        "date_updated": "2023-10-10T19:49:05Z",
        "status": 1
    }
},
{
    "model": "items.myproducts",
    "pk": 9,
    "fields": {
        "code": "BBQ",
        "product_name": "Reshmi_Kabab",
        "category_id": 1,
        "brand": 1,
        "unit": 1,
        "price": 850,
        "cost": 0,
        "qty": 50,
        "product_image": "product_images/2023/10/Reshmi_kabab.jpg",
        "product_desc": "Tasty BBQ dishes",
        "date_added": "2023-10-10T19:49:05Z",
        "date_updated": "2023-10-10T19:49:05Z",
        "status": 1
    }
},
{
    "model": "items.myproducts",
    "pk": 10,
    "fields": {
        "code": "BBQ",
        "product_name": "Chicken_Achari_Boti",
        "category_id": 1,
        "brand": 1,
        "unit": 1,
        "price": 900,
        "cost": 0,
        "qty": 50,
        "product_image": "product_images/2023/10/chicken_achar_kabab.jpg",
        "product_desc": "Tasty BBQ dishes",
        "date_added": "2023-10-10T19:49:05Z",
        "date_updated": "2023-10-10T19:49:05Z",
        "status": 1
    }
},
{
    "model": "items.myproducts",
    "pk": 11,
    "fields": {
        "code": "BBQ",
        "product_name": "Malai_Boti",
        "category_id": 1,
        "brand": 1,
        "unit": 1,
        "price": 900,
        "cost": 0,
        "qty": 50,
        "product_image": "product_images/2023/10/malai-boti.jpg",
        "product_desc": "Tasty BBQ dishes",
        "date_added": "2023-10-10T19:49:05Z",
        "date_updated": "2023-10-10T19:49:05Z",
        "status": 1
    }
},
{
    "model": "items.myproducts",
    "pk": 12,
    "fields": {
        "code": "BBQ",
        "product_name": "Seekh_Kabab",
        "category_id": 1,
        "brand": 1,
        "unit": 1,
        "price": 1000,
        "cost": 0,
        "qty": 50,
        "product_image": "product_images/2023/10/Seekh_kabab.jpg",
        "product_desc": "Tasty BBQ dishes",
        "date_added": "2023-10-10T19:49:05Z",
        "date_updated": "2023-10-10T19:49:05Z",
        "status": 1
    }
},
{
    "model": "items.myproducts",
    "pk": 13,
    "fields": {
        "code": "",
        "product_name": "Biryani",
        "category_id": 1,
        "brand": 1,
        "unit": 1,
        "price": 1200,
        "cost": 0,
        "qty": 40,
        "product_image": "product_images/2023/10/_Hyderabadi_Dum_Biryani__3mY5RiN.jpg",
        "product_desc": "Biryani on kg base",
        "date_added": "2023-10-11T12:11:00.491Z",
        "date_updated": "2023-10-11T12:11:00.491Z",
        "status": 1
    }
},
{
    "model": "items.myproducts",
    "pk": 15,
    "fields": {
        "code": "",
        "product_name": "Chicken Qorma",
        "category_id": 1,
        "brand": 1,
        "unit": 1,
        "price": 800,
        "cost": 0,
        "qty": 100,
        "product_image": "product_images/2023/10/500px-Chicken_Korma_3vhjX0y.jfif",
        "product_desc": "1kg",
        "date_added": "2023-10-12T16:50:08.499Z",
        "date_updated": "2023-10-12T16:50:08.499Z",
        "status": 1
    }
},
{
    "model": "items.deals",
    "pk": 3,
    "fields": {
        "code": "Deal1",
        "price_per_head": 0,
        "menu_items": [
            2,
            3,
            4,
            5,
            6,
            7
        ]
    }
},
{
    "model": "sites.site",
    "fields": {
        "domain": "example.com",
        "name": "example.com"
    }
},
{
    "model": "admin.logentry",
    "pk": 1,
    "fields": {
        "action_time": "2023-10-11T12:17:39.292Z",
        "user": [
            "habib"
        ],
        "content_type": [
            "items",
            "myproducts"
        ],
        "object_id": "12",
        "object_repr": "Seekh Kabab",
        "action_flag": 2,
        "change_message": "[{\"changed\": {\"fields\": [\"Product image\"]}}]"
    }
},
{
    "model": "admin.logentry",
    "pk": 2,
    "fields": {
        "action_time": "2023-10-11T12:17:47.001Z",
        "user": [
            "habib"
        ],
        "content_type": [
            "items",
            "myproducts"
        ],
        "object_id": "11",
        "object_repr": "Malai Boti",
        "action_flag": 2,
        "change_message": "[{\"changed\": {\"fields\": [\"Product image\"]}}]"
    }
},
{
    "model": "admin.logentry",
    "pk": 3,
    "fields": {
        "action_time": "2023-10-11T12:17:55.201Z",
        "user": [
            "habib"
        ],
        "content_type": [
            "items",
            "myproducts"
        ],
        "object_id": "10",
        "object_repr": "Chicken Achari Boti",
        "action_flag": 2,
        "change_message": "[{\"changed\": {\"fields\": [\"Product image\"]}}]"
    }
},
{
    "model": "admin.logentry",
    "pk": 4,
    "fields": {
        "action_time": "2023-10-11T12:18:03.461Z",
        "user": [
            "habib"
        ],
        "content_type": [
            "items",
            "myproducts"
        ],
        "object_id": "9",
        "object_repr": "Reshmi Kabab",
        "action_flag": 2,
        "change_message": "[{\"changed\": {\"fields\": [\"Product image\"]}}]"
    }
},
{
    "model": "admin.logentry",
    "pk": 5,
    "fields": {
        "action_time": "2023-10-11T12:18:14.456Z",
        "user": [
            "habib"
        ],
        "content_type": [
            "items",
            "myproducts"
        ],
        "object_id": "8",
        "object_repr": "Cold Drinks 2.5L",
        "action_flag": 2,
        "change_message": "[{\"changed\": {\"fields\": [\"Product image\"]}}]"
    }
},
{
    "model": "admin.logentry",
    "pk": 6,
    "fields": {
        "action_time": "2023-10-11T12:18:23.553Z",
        "user": [
            "habib"
        ],
        "content_type": [
            "items",
            "myproducts"
        ],
        "object_id": "7",
        "object_repr": "Cold Drinks Tin",
        "action_flag": 2,
        "change_message": "[{\"changed\": {\"fields\": [\"Product image\"]}}]"
    }
},
{
    "model": "admin.logentry",
    "pk": 7,
    "fields": {
        "action_time": "2023-10-11T12:18:30.788Z",
        "user": [
            "habib"
        ],
        "content_type": [
            "items",
            "myproducts"
        ],
        "object_id": "6",
        "object_repr": "Cold Drinks 1.5L",
        "action_flag": 2,
        "change_message": "[{\"changed\": {\"fields\": [\"Product image\"]}}]"
    }
},
{
    "model": "admin.logentry",
    "pk": 8,
    "fields": {
        "action_time": "2023-10-11T12:19:48.065Z",
        "user": [
            "habib"
        ],
        "content_type": [
            "items",
            "myproducts"
        ],
        "object_id": "5",
        "object_repr": "Waiters",
        "action_flag": 2,
        "change_message": "[{\"changed\": {\"fields\": [\"Product image\"]}}]"
    }
},
{
    "model": "admin.logentry",
    "pk": 9,
    "fields": {
        "action_time": "2023-10-11T12:19:55.512Z",
        "user": [
            "habib"
        ],
        "content_type": [
            "items",
            "myproducts"
        ],
        "object_id": "4",
        "object_repr": "Water 1.5L",
        "action_flag": 2,
        "change_message": "[{\"changed\": {\"fields\": [\"Product image\"]}}]"
    }
},
{
    "model": "admin.logentry",
    "pk": 10,
    "fields": {
        "action_time": "2023-10-11T12:20:04.983Z",
        "user": [
            "habib"
        ],
        "content_type": [
            "items",
            "myproducts"
        ],
        "object_id": "3",
        "object_repr": "Water 300ML",
        "action_flag": 2,
        "change_message": "[{\"changed\": {\"fields\": [\"Product image\"]}}]"
    }
},
{
    "model": "admin.logentry",
    "pk": 11,
    "fields": {
        "action_time": "2023-10-11T12:20:15.577Z",
        "user": [
            "habib"
        ],
        "content_type": [
            "items",
            "myproducts"
        ],
        "object_id": "2",
        "object_repr": "Water 500ML",
        "action_flag": 2,
        "change_message": "[{\"changed\": {\"fields\": [\"Product image\"]}}]"
    }
},
{
    "model": "admin.logentry",
    "pk": 12,
    "fields": {
        "action_time": "2023-10-11T12:20:56.798Z",
        "user": [
            "habib"
        ],
        "content_type": [
            "items",
            "myproducts"
        ],
        "object_id": "1",
        "object_repr": "Naan",
        "action_flag": 2,
        "change_message": "[{\"changed\": {\"fields\": [\"Product image\"]}}]"
    }
},
{
    "model": "admin.logentry",
    "pk": 13,
    "fields": {
        "action_time": "2023-10-11T13:14:42.763Z",
        "user": [
            "habib"
        ],
        "content_type": [
            "items",
            "myproducts"
        ],
        "object_id": "4",
        "object_repr": "Water_1.5L",
        "action_flag": 2,
        "change_message": "[{\"changed\": {\"fields\": [\"Product name\"]}}]"
    }
},
{
    "model": "admin.logentry",
    "pk": 14,
    "fields": {
        "action_time": "2023-10-11T13:15:01.527Z",
        "user": [
            "habib"
        ],
        "content_type": [
            "items",
            "myproducts"
        ],
        "object_id": "3",
        "object_repr": "Water_300ML",
        "action_flag": 2,
        "change_message": "[{\"changed\": {\"fields\": [\"Product name\"]}}]"
    }
},
{
    "model": "admin.logentry",
    "pk": 15,
    "fields": {
        "action_time": "2023-10-11T13:15:11.679Z",
        "user": [
            "habib"
        ],
        "content_type": [
            "items",
            "myproducts"
        ],
        "object_id": "2",
        "object_repr": "Water_500ML",
        "action_flag": 2,
        "change_message": "[{\"changed\": {\"fields\": [\"Product name\"]}}]"
    }
},
{
    "model": "admin.logentry",
    "pk": 16,
    "fields": {
        "action_time": "2023-10-11T16:37:24.386Z",
        "user": [
            "habib"
        ],
        "content_type": [
            "items",
            "myproducts"
        ],
        "object_id": "12",
        "object_repr": "Seekh_Kabab",
        "action_flag": 2,
        "change_message": "[{\"changed\": {\"fields\": [\"Product name\"]}}]"
    }
},
{
    "model": "admin.logentry",
    "pk": 17,
    "fields": {
        "action_time": "2023-10-11T16:37:31.180Z",
        "user": [
            "habib"
        ],
        "content_type": [
            "items",
            "myproducts"
        ],
        "object_id": "11",
        "object_repr": "Malai_Boti",
        "action_flag": 2,
        "change_message": "[{\"changed\": {\"fields\": [\"Product name\"]}}]"
    }
},
{
    "model": "admin.logentry",
    "pk": 18,
    "fields": {
        "action_time": "2023-10-11T16:37:42.610Z",
        "user": [
            "habib"
        ],
        "content_type": [
            "items",
            "myproducts"
        ],
        "object_id": "10",
        "object_repr": "Chicken_Achari_Boti",
        "action_flag": 2,
        "change_message": "[{\"changed\": {\"fields\": [\"Product name\"]}}]"
    }
},
{
    "model": "admin.logentry",
    "pk": 19,
    "fields": {
        "action_time": "2023-10-11T16:37:49.677Z",
        "user": [
            "habib"
        ],
        "content_type": [
            "items",
            "myproducts"
        ],
        "object_id": "9",
        "object_repr": "Reshmi_Kabab",
        "action_flag": 2,
        "change_message": "[{\"changed\": {\"fields\": [\"Product name\"]}}]"
    }
},
{
    "model": "admin.logentry",
    "pk": 20,
    "fields": {
        "action_time": "2023-10-11T16:38:01.298Z",
        "user": [
            "habib"
        ],
        "content_type": [
            "items",
            "myproducts"
        ],
        "object_id": "8",
        "object_repr": "Cold_Drinks_2.5L",
        "action_flag": 2,
        "change_message": "[{\"changed\": {\"fields\": [\"Product name\"]}}]"
    }
},
{
    "model": "admin.logentry",
    "pk": 21,
    "fields": {
        "action_time": "2023-10-11T16:38:13.790Z",
        "user": [
            "habib"
        ],
        "content_type": [
            "items",
            "myproducts"
        ],
        "object_id": "7",
        "object_repr": "Cold_Drinks_Tin",
        "action_flag": 2,
        "change_message": "[{\"changed\": {\"fields\": [\"Product name\"]}}]"
    }
},
{
    "model": "admin.logentry",
    "pk": 22,
    "fields": {
        "action_time": "2023-10-11T16:38:24.828Z",
        "user": [
            "habib"
        ],
        "content_type": [
            "items",
            "myproducts"
        ],
        "object_id": "6",
        "object_repr": "Cold_Drinks_1.5L",
        "action_flag": 2,
        "change_message": "[{\"changed\": {\"fields\": [\"Product name\"]}}]"
    }
},
{
    "model": "admin.logentry",
    "pk": 23,
    "fields": {
        "action_time": "2023-10-12T16:17:29.288Z",
        "user": [
            "habib"
        ],
        "content_type": [
            "items",
            "myproducts"
        ],
        "object_id": "1",
        "object_repr": "Naan",
        "action_flag": 2,
        "change_message": "[{\"changed\": {\"fields\": [\"Product image\"]}}]"
    }
},
{
    "model": "admin.logentry",
    "pk": 24,
    "fields": {
        "action_time": "2023-10-12T16:49:43.748Z",
        "user": [
            "habib"
        ],
        "content_type": [
            "items",
            "myproducts"
        ],
        "object_id": "14",
        "object_repr": "Chicken Qorma",
        "action_flag": 3,
        "change_message": ""
    }
},
{
    "model": "admin.logentry",
    "pk": 25,
    "fields": {
        "action_time": "2023-10-12T16:55:05.848Z",
        "user": [
            "habib"
        ],
        "content_type": [
            "items",
            "myproducts"
        ],
        "object_id": "16",
        "object_repr": "Beef",
        "action_flag": 3,
        "change_message": ""
    }
},
{
    "model": "admin.logentry",
    "pk": 26,
    "fields": {
        "action_time": "2023-10-13T13:01:39.835Z",
        "user": [
            "habib"
        ],
        "content_type": [
            "items",
            "myproducts"
        ],
        "object_id": "18",
        "object_repr": "Naan",
        "action_flag": 2,
        "change_message": "[{\"changed\": {\"fields\": [\"Product image\"]}}]"
    }
},
{
    "model": "admin.logentry",
    "pk": 27,
    "fields": {
        "action_time": "2023-10-16T10:49:14.433Z",
        "user": [
            "habib"
        ],
        "content_type": [
            "items",
            "brand"
        ],
        "object_id": "3",
        "object_repr": "Shahzoor",
        "action_flag": 3,
        "change_message": ""
    }
},
{
    "model": "admin.logentry",
    "pk": 28,
    "fields": {
        "action_time": "2023-10-16T10:49:14.439Z",
        "user": [
            "habib"
        ],
        "content_type": [
            "items",
            "brand"
        ],
        "object_id": "2",
        "object_repr": "Nesltes",
        "action_flag": 3,
        "change_message": ""
    }
},
{
    "model": "admin.logentry",
    "pk": 29,
    "fields": {
        "action_time": "2023-10-16T11:41:31.168Z",
        "user": [
            "habib"
        ],
        "content_type": [
            "items",
            "deals"
        ],
        "object_id": "1",
        "object_repr": "",
        "action_flag": 1,
        "change_message": "[{\"added\": {}}]"
    }
},
{
    "model": "admin.logentry",
    "pk": 30,
    "fields": {
        "action_time": "2023-10-16T11:42:59.826Z",
        "user": [
            "habib"
        ],
        "content_type": [
            "items",
            "deals"
        ],
        "object_id": "2",
        "object_repr": "",
        "action_flag": 1,
        "change_message": "[{\"added\": {}}]"
    }
},
{
    "model": "admin.logentry",
    "pk": 31,
    "fields": {
        "action_time": "2023-10-16T11:43:10.694Z",
        "user": [
            "habib"
        ],
        "content_type": [
            "items",
            "deals"
        ],
        "object_id": "2",
        "object_repr": "",
        "action_flag": 3,
        "change_message": ""
    }
},
{
    "model": "admin.logentry",
    "pk": 32,
    "fields": {
        "action_time": "2023-10-16T11:45:09.939Z",
        "user": [
            "habib"
        ],
        "content_type": [
            "items",
            "deals"
        ],
        "object_id": "3",
        "object_repr": "Deal1",
        "action_flag": 1,
        "change_message": "[{\"added\": {}}]"
    }
},
{
    "model": "admin.logentry",
    "pk": 33,
    "fields": {
        "action_time": "2023-10-16T11:45:15.488Z",
        "user": [
            "habib"
        ],
        "content_type": [
            "items",
            "deals"
        ],
        "object_id": "1",
        "object_repr": "",
        "action_flag": 3,
        "change_message": ""
    }
},
{
    "model": "admin.logentry",
    "pk": 34,
    "fields": {
        "action_time": "2023-10-16T20:53:48.235Z",
        "user": [
            "habib"
        ],
        "content_type": [
            "items",
            "myproducts"
        ],
        "object_id": "15",
        "object_repr": "Chicken Qorma",
        "action_flag": 3,
        "change_message": ""
    }
},
{
    "model": "admin.logentry",
    "pk": 35,
    "fields": {
        "action_time": "2023-10-16T20:53:48.240Z",
        "user": [
            "habib"
        ],
        "content_type": [
            "items",
            "myproducts"
        ],
        "object_id": "13",
        "object_repr": "Biryani",
        "action_flag": 3,
        "change_message": ""
    }
},
{
    "model": "admin.logentry",
    "pk": 36,
    "fields": {
        "action_time": "2023-10-16T20:53:48.245Z",
        "user": [
            "habib"
        ],
        "content_type": [
            "items",
            "myproducts"
        ],
        "object_id": "12",
        "object_repr": "Seekh_Kabab",
        "action_flag": 3,
        "change_message": ""
    }
},
{
    "model": "admin.logentry",
    "pk": 37,
    "fields": {
        "action_time": "2023-10-16T20:53:48.251Z",
        "user": [
            "habib"
        ],
        "content_type": [
            "items",
            "myproducts"
        ],
        "object_id": "11",
        "object_repr": "Malai_Boti",
        "action_flag": 3,
        "change_message": ""
    }
},
{
    "model": "admin.logentry",
    "pk": 38,
    "fields": {
        "action_time": "2023-10-16T20:53:48.256Z",
        "user": [
            "habib"
        ],
        "content_type": [
            "items",
            "myproducts"
        ],
        "object_id": "10",
        "object_repr": "Chicken_Achari_Boti",
        "action_flag": 3,
        "change_message": ""
    }
},
{
    "model": "admin.logentry",
    "pk": 39,
    "fields": {
        "action_time": "2023-10-16T20:53:48.261Z",
        "user": [
            "habib"
        ],
        "content_type": [
            "items",
            "myproducts"
        ],
        "object_id": "9",
        "object_repr": "Reshmi_Kabab",
        "action_flag": 3,
        "change_message": ""
    }
},
{
    "model": "admin.logentry",
    "pk": 40,
    "fields": {
        "action_time": "2023-10-16T20:53:48.266Z",
        "user": [
            "habib"
        ],
        "content_type": [
            "items",
            "myproducts"
        ],
        "object_id": "8",
        "object_repr": "Cold_Drinks_2.5L",
        "action_flag": 3,
        "change_message": ""
    }
},
{
    "model": "admin.logentry",
    "pk": 41,
    "fields": {
        "action_time": "2023-10-16T20:53:48.271Z",
        "user": [
            "habib"
        ],
        "content_type": [
            "items",
            "myproducts"
        ],
        "object_id": "7",
        "object_repr": "Cold_Drinks_Tin",
        "action_flag": 3,
        "change_message": ""
    }
},
{
    "model": "admin.logentry",
    "pk": 42,
    "fields": {
        "action_time": "2023-10-16T20:53:48.276Z",
        "user": [
            "habib"
        ],
        "content_type": [
            "items",
            "myproducts"
        ],
        "object_id": "6",
        "object_repr": "Cold_Drinks_1.5L",
        "action_flag": 3,
        "change_message": ""
    }
},
{
    "model": "admin.logentry",
    "pk": 43,
    "fields": {
        "action_time": "2023-10-16T20:53:48.281Z",
        "user": [
            "habib"
        ],
        "content_type": [
            "items",
            "myproducts"
        ],
        "object_id": "5",
        "object_repr": "Waiters",
        "action_flag": 3,
        "change_message": ""
    }
},
{
    "model": "admin.logentry",
    "pk": 44,
    "fields": {
        "action_time": "2023-10-16T20:53:48.287Z",
        "user": [
            "habib"
        ],
        "content_type": [
            "items",
            "myproducts"
        ],
        "object_id": "4",
        "object_repr": "Water_1.5L",
        "action_flag": 3,
        "change_message": ""
    }
},
{
    "model": "admin.logentry",
    "pk": 45,
    "fields": {
        "action_time": "2023-10-16T20:53:48.291Z",
        "user": [
            "habib"
        ],
        "content_type": [
            "items",
            "myproducts"
        ],
        "object_id": "3",
        "object_repr": "Water_300ML",
        "action_flag": 3,
        "change_message": ""
    }
},
{
    "model": "admin.logentry",
    "pk": 46,
    "fields": {
        "action_time": "2023-10-16T20:53:48.296Z",
        "user": [
            "habib"
        ],
        "content_type": [
            "items",
            "myproducts"
        ],
        "object_id": "2",
        "object_repr": "Water_500ML",
        "action_flag": 3,
        "change_message": ""
    }
},
{
    "model": "admin.logentry",
    "pk": 47,
    "fields": {
        "action_time": "2023-10-16T20:53:48.302Z",
        "user": [
            "habib"
        ],
        "content_type": [
            "items",
            "myproducts"
        ],
        "object_id": "1",
        "object_repr": "Naan",
        "action_flag": 3,
        "change_message": ""
    }
},
{
    "model": "admin.logentry",
    "pk": 48,
    "fields": {
        "action_time": "2023-10-18T22:01:52.240Z",
        "user": [
            "habib"
        ],
        "content_type": [
            "ecommerce",
            "eventexpense"
        ],
        "object_id": "1",
        "object_repr": "1",
        "action_flag": 3,
        "change_message": ""
    }
}
]
